21-01-2022;34121515001;ABEGONDO;Número de novos casos diagnosticados no concello: 174;Incidencia acumulada para o concello: >500;Número de novos casos diagnosticados no concello: 95;Incidencia acumulada para o concello: >250
21-01-2022;34121515002;AMES;Número de novos casos diagnosticados no concello: 1.204;Incidencia acumulada para o concello: >500;Número de novos casos diagnosticados no concello: 581;Incidencia acumulada para o concello: >250
21-01-2022;34121515003;ARANGA;Número de novos casos diagnosticados no concello: 21;Incidencia acumulada para o concello: >500;Número de novos casos diagnosticados no concello: 15;Incidencia acumulada para o concello: >250
21-01-2022;34121515004;ARES;Número de novos casos diagnosticados no concello: 160;Incidencia acumulada para o concello: >500;Número de novos casos diagnosticados no concello: 69;Incidencia acumulada para o concello: >250
21-01-2022;34121515005;ARTEIXO;Número de novos casos diagnosticados no concello: 1.164;Incidencia acumulada para o concello: >500;Número de novos casos diagnosticados no concello: 606;Incidencia acumulada para o concello: >250
21-01-2022;34121515006;ARZUA;Número de novos casos diagnosticados no concello: 149;Incidencia acumulada para o concello: >500;Número de novos casos diagnosticados no concello: 83;Incidencia acumulada para o concello: >250
21-01-2022;34121515007;BAÑA (A);Número de novos casos diagnosticados no concello: 72;Incidencia acumulada para o concello: >500;Número de novos casos diagnosticados no concello: 31;Incidencia acumulada para o concello: >250
21-01-2022;34121515008;BERGONDO;Número de novos casos diagnosticados no concello: 145;Incidencia acumulada para o concello: >500;Número de novos casos diagnosticados no concello: 53;Incidencia acumulada para o concello: >250
21-01-2022;34121515009;BETANZOS;Número de novos casos diagnosticados no concello: 394;Incidencia acumulada para o concello: >500;Número de novos casos diagnosticados no concello: 196;Incidencia acumulada para o concello: >250
21-01-2022;34121515010;BOIMORTO;Número de novos casos diagnosticados no concello: 44;Incidencia acumulada para o concello: >500;Número de novos casos diagnosticados no concello: 17;Incidencia acumulada para o concello: >250
21-01-2022;34121515011;BOIRO;Número de novos casos diagnosticados no concello: 691;Incidencia acumulada para o concello: >500;Número de novos casos diagnosticados no concello: 309;Incidencia acumulada para o concello: >250
21-01-2022;34121515012;BOQUEIXON;Número de novos casos diagnosticados no concello: 109;Incidencia acumulada para o concello: >500;Número de novos casos diagnosticados no concello: 49;Incidencia acumulada para o concello: >250
21-01-2022;34121515013;BRION;Número de novos casos diagnosticados no concello: 243;Incidencia acumulada para o concello: >500;Número de novos casos diagnosticados no concello: 127;Incidencia acumulada para o concello: >250
21-01-2022;34121515014;CABANA DE BERGANTIÑOS;Número de novos casos diagnosticados no concello: 141;Incidencia acumulada para o concello: >500;Número de novos casos diagnosticados no concello: 60;Incidencia acumulada para o concello: >250
21-01-2022;34121515015;CABANAS;Número de novos casos diagnosticados no concello: 76;Incidencia acumulada para o concello: >500;Número de novos casos diagnosticados no concello: 28;Incidencia acumulada para o concello: >250
21-01-2022;34121515016;CAMARIÑAS;Número de novos casos diagnosticados no concello: 238;Incidencia acumulada para o concello: >500;Número de novos casos diagnosticados no concello: 74;Incidencia acumulada para o concello: >250
21-01-2022;34121515017;CAMBRE;Número de novos casos diagnosticados no concello: 849;Incidencia acumulada para o concello: >500;Número de novos casos diagnosticados no concello: 398;Incidencia acumulada para o concello: >250
21-01-2022;34121515018;CAPELA (A);Número de novos casos diagnosticados no concello: 42;Incidencia acumulada para o concello: >500;Número de novos casos diagnosticados no concello: 22;Incidencia acumulada para o concello: >250
21-01-2022;34121515019;CARBALLO;Número de novos casos diagnosticados no concello: 1.441;Incidencia acumulada para o concello: >500;Número de novos casos diagnosticados no concello: 677;Incidencia acumulada para o concello: >250
21-01-2022;34121515020;CARNOTA;Número de novos casos diagnosticados no concello: 91;Incidencia acumulada para o concello: >500;Número de novos casos diagnosticados no concello: 29;Incidencia acumulada para o concello: >250
21-01-2022;34121515021;CARRAL;Número de novos casos diagnosticados no concello: 238;Incidencia acumulada para o concello: >500;Número de novos casos diagnosticados no concello: 118;Incidencia acumulada para o concello: >250
21-01-2022;34121515022;CEDEIRA;Número de novos casos diagnosticados no concello: 115;Incidencia acumulada para o concello: >500;Número de novos casos diagnosticados no concello: 53;Incidencia acumulada para o concello: >250
21-01-2022;34121515023;CEE;Número de novos casos diagnosticados no concello: 215;Incidencia acumulada para o concello: >500;Número de novos casos diagnosticados no concello: 90;Incidencia acumulada para o concello: >250
21-01-2022;34121515024;CERCEDA;Número de novos casos diagnosticados no concello: 179;Incidencia acumulada para o concello: >500;Número de novos casos diagnosticados no concello: 87;Incidencia acumulada para o concello: >250
21-01-2022;34121515025;CERDIDO;Número de novos casos diagnosticados no concello: 22;Incidencia acumulada para o concello: >500;Número de novos casos diagnosticados no concello: 10;Incidencia acumulada para o concello: >250
21-01-2022;34121515027;COIROS;Número de novos casos diagnosticados no concello: 46;Incidencia acumulada para o concello: >500;Número de novos casos diagnosticados no concello: 18;Incidencia acumulada para o concello: >250
21-01-2022;34121515028;CORCUBION;Número de novos casos diagnosticados no concello: 44;Incidencia acumulada para o concello: >500;Número de novos casos diagnosticados no concello: 19;Incidencia acumulada para o concello: >250
21-01-2022;34121515029;CORISTANCO;Número de novos casos diagnosticados no concello: 153;Incidencia acumulada para o concello: >500;Número de novos casos diagnosticados no concello: 77;Incidencia acumulada para o concello: >250
21-01-2022;34121515030;CORUÑA (A);Número de novos casos diagnosticados no concello: 8.918;Incidencia acumulada para o concello: >500;Número de novos casos diagnosticados no concello: 4.085;Incidencia acumulada para o concello: >250
21-01-2022;34121515031;CULLEREDO;Número de novos casos diagnosticados no concello: 1.220;Incidencia acumulada para o concello: >500;Número de novos casos diagnosticados no concello: 558;Incidencia acumulada para o concello: >250
21-01-2022;34121515032;CURTIS;Número de novos casos diagnosticados no concello: 125;Incidencia acumulada para o concello: >500;Número de novos casos diagnosticados no concello: 75;Incidencia acumulada para o concello: >250
21-01-2022;34121515033;DODRO;Número de novos casos diagnosticados no concello: 71;Incidencia acumulada para o concello: >500;Número de novos casos diagnosticados no concello: 27;Incidencia acumulada para o concello: >250
21-01-2022;34121515034;DUMBRIA;Número de novos casos diagnosticados no concello: 84;Incidencia acumulada para o concello: >500;Número de novos casos diagnosticados no concello: 36;Incidencia acumulada para o concello: >250
21-01-2022;34121515035;FENE;Número de novos casos diagnosticados no concello: 273;Incidencia acumulada para o concello: >500;Número de novos casos diagnosticados no concello: 97;Incidencia acumulada para o concello: >250
21-01-2022;34121515036;FERROL;Número de novos casos diagnosticados no concello: 1.871;Incidencia acumulada para o concello: >500;Número de novos casos diagnosticados no concello: 751;Incidencia acumulada para o concello: >250
21-01-2022;34121515037;FISTERRA;Número de novos casos diagnosticados no concello: 89;Incidencia acumulada para o concello: >500;Número de novos casos diagnosticados no concello: 42;Incidencia acumulada para o concello: >250
21-01-2022;34121515038;FRADES;Número de novos casos diagnosticados no concello: 64;Incidencia acumulada para o concello: >500;Número de novos casos diagnosticados no concello: 15;Incidencia acumulada para o concello: >250
21-01-2022;34121515039;IRIXOA;Número de novos casos diagnosticados no concello: 21;Incidencia acumulada para o concello: >500;Número de novos casos diagnosticados no concello: 15;Incidencia acumulada para o concello: >250
21-01-2022;34121515040;LAXE;Número de novos casos diagnosticados no concello: 106;Incidencia acumulada para o concello: >500;Número de novos casos diagnosticados no concello: 66;Incidencia acumulada para o concello: >250
21-01-2022;34121515041;LARACHA;Número de novos casos diagnosticados no concello: 358;Incidencia acumulada para o concello: >500;Número de novos casos diagnosticados no concello: 152;Incidencia acumulada para o concello: >250
21-01-2022;34121515042;LOUSAME;Número de novos casos diagnosticados no concello: 124;Incidencia acumulada para o concello: >500;Número de novos casos diagnosticados no concello: 53;Incidencia acumulada para o concello: >250
21-01-2022;34121515043;MALPICA DE BERGANTIÑOS;Número de novos casos diagnosticados no concello: 96;Incidencia acumulada para o concello: >500;Número de novos casos diagnosticados no concello: 34;Incidencia acumulada para o concello: >250
21-01-2022;34121515044;MAÑON;Número de novos casos diagnosticados no concello: 21;Incidencia acumulada para o concello: >500;Número de novos casos diagnosticados no concello: 14;Incidencia acumulada para o concello: >250
21-01-2022;34121515045;MAZARICOS;Número de novos casos diagnosticados no concello: 98;Incidencia acumulada para o concello: >500;Número de novos casos diagnosticados no concello: 43;Incidencia acumulada para o concello: >250
21-01-2022;34121515046;MELIDE;Número de novos casos diagnosticados no concello: 197;Incidencia acumulada para o concello: >500;Número de novos casos diagnosticados no concello: 90;Incidencia acumulada para o concello: >250
21-01-2022;34121515047;MESIA;Número de novos casos diagnosticados no concello: 31;Incidencia acumulada para o concello: >500;Número de novos casos diagnosticados no concello: 19;Incidencia acumulada para o concello: >250
21-01-2022;34121515048;MIÑO;Número de novos casos diagnosticados no concello: 144;Incidencia acumulada para o concello: >500;Número de novos casos diagnosticados no concello: 69;Incidencia acumulada para o concello: >250
21-01-2022;34121515049;MOECHE;Número de novos casos diagnosticados no concello: 33;Incidencia acumulada para o concello: >500;Número de novos casos diagnosticados no concello: 12;Incidencia acumulada para o concello: >250
21-01-2022;34121515050;MONFERO;Número de novos casos diagnosticados no concello: 29;Incidencia acumulada para o concello: >500;5;Incidencia acumulada para o concello: >250
21-01-2022;34121515051;MUGARDOS;Número de novos casos diagnosticados no concello: 104;Incidencia acumulada para o concello: >500;Número de novos casos diagnosticados no concello: 34;Incidencia acumulada para o concello: >250
21-01-2022;34121515052;MUXIA;Número de novos casos diagnosticados no concello: 110;Incidencia acumulada para o concello: >500;Número de novos casos diagnosticados no concello: 38;Incidencia acumulada para o concello: >250
21-01-2022;34121515053;MUROS;Número de novos casos diagnosticados no concello: 260;Incidencia acumulada para o concello: >500;Número de novos casos diagnosticados no concello: 129;Incidencia acumulada para o concello: >250
21-01-2022;34121515054;NARON;Número de novos casos diagnosticados no concello: 1.239;Incidencia acumulada para o concello: >500;Número de novos casos diagnosticados no concello: 549;Incidencia acumulada para o concello: >250
21-01-2022;34121515055;NEDA;Número de novos casos diagnosticados no concello: 119;Incidencia acumulada para o concello: >500;Número de novos casos diagnosticados no concello: 45;Incidencia acumulada para o concello: >250
21-01-2022;34121515056;NEGREIRA;Número de novos casos diagnosticados no concello: 141;Incidencia acumulada para o concello: >500;Número de novos casos diagnosticados no concello: 55;Incidencia acumulada para o concello: >250
21-01-2022;34121515057;NOIA;Número de novos casos diagnosticados no concello: 540;Incidencia acumulada para o concello: >500;Número de novos casos diagnosticados no concello: 248;Incidencia acumulada para o concello: >250
21-01-2022;34121515058;OLEIROS;Número de novos casos diagnosticados no concello: 1.283;Incidencia acumulada para o concello: >500;Número de novos casos diagnosticados no concello: 532;Incidencia acumulada para o concello: >250
21-01-2022;34121515059;ORDES;Número de novos casos diagnosticados no concello: 376;Incidencia acumulada para o concello: >500;Número de novos casos diagnosticados no concello: 139;Incidencia acumulada para o concello: >250
21-01-2022;34121515060;OROSO;Número de novos casos diagnosticados no concello: 244;Incidencia acumulada para o concello: >500;Número de novos casos diagnosticados no concello: 104;Incidencia acumulada para o concello: >250
21-01-2022;34121515061;ORTIGUEIRA;Número de novos casos diagnosticados no concello: 76;Incidencia acumulada para o concello: >500;Número de novos casos diagnosticados no concello: 35;Incidencia acumulada para o concello: >250
21-01-2022;34121515062;OUTES;Número de novos casos diagnosticados no concello: 135;Incidencia acumulada para o concello: >500;Número de novos casos diagnosticados no concello: 57;Incidencia acumulada para o concello: >250
21-01-2022;34121515064;PADERNE;Número de novos casos diagnosticados no concello: 53;Incidencia acumulada para o concello: >500;Número de novos casos diagnosticados no concello: 31;Incidencia acumulada para o concello: >250
21-01-2022;34121515065;PADRON;Número de novos casos diagnosticados no concello: 331;Incidencia acumulada para o concello: >500;Número de novos casos diagnosticados no concello: 157;Incidencia acumulada para o concello: >250
21-01-2022;34121515066;PINO (O);Número de novos casos diagnosticados no concello: 136;Incidencia acumulada para o concello: >500;Número de novos casos diagnosticados no concello: 61;Incidencia acumulada para o concello: >250
21-01-2022;34121515067;POBRA DO CARAMIÑAL A;Número de novos casos diagnosticados no concello: 291;Incidencia acumulada para o concello: >500;Número de novos casos diagnosticados no concello: 148;Incidencia acumulada para o concello: >250
21-01-2022;34121515068;PONTECESO;Número de novos casos diagnosticados no concello: 126;Incidencia acumulada para o concello: >500;Número de novos casos diagnosticados no concello: 57;Incidencia acumulada para o concello: >250
21-01-2022;34121515069;PONTEDEUME;Número de novos casos diagnosticados no concello: 215;Incidencia acumulada para o concello: >500;Número de novos casos diagnosticados no concello: 81;Incidencia acumulada para o concello: >250
21-01-2022;34121515070;PONTES DE GARCIA RODRIGUEZ (AS);Número de novos casos diagnosticados no concello: 262;Incidencia acumulada para o concello: >500;Número de novos casos diagnosticados no concello: 116;Incidencia acumulada para o concello: >250
21-01-2022;34121515071;PORTO DO SON;Número de novos casos diagnosticados no concello: 245;Incidencia acumulada para o concello: >500;Número de novos casos diagnosticados no concello: 112;Incidencia acumulada para o concello: >250
21-01-2022;34121515072;RIANXO;Número de novos casos diagnosticados no concello: 334;Incidencia acumulada para o concello: >500;Número de novos casos diagnosticados no concello: 162;Incidencia acumulada para o concello: >250
21-01-2022;34121515073;RIBEIRA;Número de novos casos diagnosticados no concello: 917;Incidencia acumulada para o concello: >500;Número de novos casos diagnosticados no concello: 408;Incidencia acumulada para o concello: >250
21-01-2022;34121515074;ROIS;Número de novos casos diagnosticados no concello: 95;Incidencia acumulada para o concello: >500;Número de novos casos diagnosticados no concello: 53;Incidencia acumulada para o concello: >250
21-01-2022;34121515075;SADA;Número de novos casos diagnosticados no concello: 439;Incidencia acumulada para o concello: >500;Número de novos casos diagnosticados no concello: 196;Incidencia acumulada para o concello: >250
21-01-2022;34121515076;SAN SADURNIÑO;Número de novos casos diagnosticados no concello: 84;Incidencia acumulada para o concello: >500;Número de novos casos diagnosticados no concello: 36;Incidencia acumulada para o concello: >250
21-01-2022;34121515077;SANTA COMBA;Número de novos casos diagnosticados no concello: 304;Incidencia acumulada para o concello: >500;Número de novos casos diagnosticados no concello: 149;Incidencia acumulada para o concello: >250
21-01-2022;34121515078;SANTIAGO DE COMPOSTELA;Número de novos casos diagnosticados no concello: 3.735;Incidencia acumulada para o concello: >500;Número de novos casos diagnosticados no concello: 1.703;Incidencia acumulada para o concello: >250
21-01-2022;34121515079;SANTISO;Número de novos casos diagnosticados no concello: 27;Incidencia acumulada para o concello: >500;Número de novos casos diagnosticados no concello: 22;Incidencia acumulada para o concello: >250
21-01-2022;34121515080;SOBRADO;Número de novos casos diagnosticados no concello: 52;Incidencia acumulada para o concello: >500;Número de novos casos diagnosticados no concello: 26;Incidencia acumulada para o concello: >250
21-01-2022;34121515081;SOMOZAS;Número de novos casos diagnosticados no concello: 26;Incidencia acumulada para o concello: >500;Número de novos casos diagnosticados no concello: 11;Incidencia acumulada para o concello: >250
21-01-2022;34121515082;TEO;Número de novos casos diagnosticados no concello: 631;Incidencia acumulada para o concello: >500;Número de novos casos diagnosticados no concello: 302;Incidencia acumulada para o concello: >250
21-01-2022;34121515083;TOQUES;Número de novos casos diagnosticados no concello: 33;Incidencia acumulada para o concello: >500;Número de novos casos diagnosticados no concello: 15;Incidencia acumulada para o concello: >250
21-01-2022;34121515084;TORDOIA;Número de novos casos diagnosticados no concello: 50;Incidencia acumulada para o concello: >500;Número de novos casos diagnosticados no concello: 28;Incidencia acumulada para o concello: >250
21-01-2022;34121515085;TOURO;Número de novos casos diagnosticados no concello: 69;Incidencia acumulada para o concello: >500;Número de novos casos diagnosticados no concello: 38;Incidencia acumulada para o concello: >250
21-01-2022;34121515086;TRAZO;Número de novos casos diagnosticados no concello: 82;Incidencia acumulada para o concello: >500;Número de novos casos diagnosticados no concello: 33;Incidencia acumulada para o concello: >250
21-01-2022;34121515087;VALDOVIÑO;Número de novos casos diagnosticados no concello: 119;Incidencia acumulada para o concello: >500;Número de novos casos diagnosticados no concello: 47;Incidencia acumulada para o concello: >250
21-01-2022;34121515088;VAL DO DUBRA;Número de novos casos diagnosticados no concello: 103;Incidencia acumulada para o concello: >500;Número de novos casos diagnosticados no concello: 56;Incidencia acumulada para o concello: >250
21-01-2022;34121515089;VEDRA;Número de novos casos diagnosticados no concello: 132;Incidencia acumulada para o concello: >500;Número de novos casos diagnosticados no concello: 52;Incidencia acumulada para o concello: >250
21-01-2022;34121515090;VILASANTAR;5;Incidencia acumulada para o concello: >500;5;Incidencia acumulada para o concello: >75 e ≤125
21-01-2022;34121515091;VILARMAIOR;Número de novos casos diagnosticados no concello: 28;Incidencia acumulada para o concello: >500;5;Incidencia acumulada para o concello: >250
21-01-2022;34121515092;VIMIANZO;Número de novos casos diagnosticados no concello: 293;Incidencia acumulada para o concello: >500;Número de novos casos diagnosticados no concello: 99;Incidencia acumulada para o concello: >250
21-01-2022;34121515093;ZAS;Número de novos casos diagnosticados no concello: 139;Incidencia acumulada para o concello: >500;Número de novos casos diagnosticados no concello: 64;Incidencia acumulada para o concello: >250
21-01-2022;34121515901;CARIÑO;Número de novos casos diagnosticados no concello: 105;Incidencia acumulada para o concello: >500;Número de novos casos diagnosticados no concello: 28;Incidencia acumulada para o concello: >250
21-01-2022;34121515902;OZA-CESURAS;Número de novos casos diagnosticados no concello: 100;Incidencia acumulada para o concello: >500;Número de novos casos diagnosticados no concello: 51;Incidencia acumulada para o concello: >250
21-01-2022;34122727001;ABADIN;Número de novos casos diagnosticados no concello: 56;Incidencia acumulada para o concello: >500;Número de novos casos diagnosticados no concello: 26;Incidencia acumulada para o concello: >250
21-01-2022;34122727002;ALFOZ;Número de novos casos diagnosticados no concello: 33;Incidencia acumulada para o concello: >500;Número de novos casos diagnosticados no concello: 15;Incidencia acumulada para o concello: >250
21-01-2022;34122727003;ANTAS DE ULLA;Número de novos casos diagnosticados no concello: 22;Incidencia acumulada para o concello: >500;Número de novos casos diagnosticados no concello: 11;Incidencia acumulada para o concello: >250
21-01-2022;34122727004;BALEIRA;Número de novos casos diagnosticados no concello: 19;Incidencia acumulada para o concello: >500;5;Incidencia acumulada para o concello: >250
21-01-2022;34122727005;BARREIROS;Número de novos casos diagnosticados no concello: 90;Incidencia acumulada para o concello: >500;Número de novos casos diagnosticados no concello: 44;Incidencia acumulada para o concello: >250
21-01-2022;34122727006;BECERREA;Número de novos casos diagnosticados no concello: 46;Incidencia acumulada para o concello: >500;Número de novos casos diagnosticados no concello: 25;Incidencia acumulada para o concello: >250
21-01-2022;34122727007;BEGONTE;Número de novos casos diagnosticados no concello: 69;Incidencia acumulada para o concello: >500;Número de novos casos diagnosticados no concello: 36;Incidencia acumulada para o concello: >250
21-01-2022;34122727008;BOVEDA;Número de novos casos diagnosticados no concello: 25;Incidencia acumulada para o concello: >500;Número de novos casos diagnosticados no concello: 10;Incidencia acumulada para o concello: >250
21-01-2022;34122727009;CARBALLEDO;Número de novos casos diagnosticados no concello: 34;Incidencia acumulada para o concello: >500;Número de novos casos diagnosticados no concello: 14;Incidencia acumulada para o concello: >250
21-01-2022;34122727010;CASTRO DE REI;Número de novos casos diagnosticados no concello: 124;Incidencia acumulada para o concello: >500;Número de novos casos diagnosticados no concello: 60;Incidencia acumulada para o concello: >250
21-01-2022;34122727011;CASTROVERDE;Número de novos casos diagnosticados no concello: 52;Incidencia acumulada para o concello: >500;Número de novos casos diagnosticados no concello: 37;Incidencia acumulada para o concello: >250
21-01-2022;34122727012;CERVANTES;Número de novos casos diagnosticados no concello: 27;Incidencia acumulada para o concello: >500;5;Incidencia acumulada para o concello: >250
21-01-2022;34122727013;CERVO;Número de novos casos diagnosticados no concello: 184;Incidencia acumulada para o concello: >500;Número de novos casos diagnosticados no concello: 95;Incidencia acumulada para o concello: >250
21-01-2022;34122727014;CORGO (O);Número de novos casos diagnosticados no concello: 86;Incidencia acumulada para o concello: >500;Número de novos casos diagnosticados no concello: 35;Incidencia acumulada para o concello: >250
21-01-2022;34122727015;COSPEITO;Número de novos casos diagnosticados no concello: 98;Incidencia acumulada para o concello: >500;Número de novos casos diagnosticados no concello: 47;Incidencia acumulada para o concello: >250
21-01-2022;34122727016;CHANTADA;Número de novos casos diagnosticados no concello: 305;Incidencia acumulada para o concello: >500;Número de novos casos diagnosticados no concello: 173;Incidencia acumulada para o concello: >250
21-01-2022;34122727017;FOLGOSO DO COUREL;Número de novos casos diagnosticados no concello: 19;Incidencia acumulada para o concello: >500;5;Incidencia acumulada para o concello: >250
21-01-2022;34122727018;FONSAGRADA (A);Número de novos casos diagnosticados no concello: 60;Incidencia acumulada para o concello: >500;Número de novos casos diagnosticados no concello: 26;Incidencia acumulada para o concello: >250
21-01-2022;34122727019;FOZ;Número de novos casos diagnosticados no concello: 275;Incidencia acumulada para o concello: >500;Número de novos casos diagnosticados no concello: 126;Incidencia acumulada para o concello: >250
21-01-2022;34122727020;FRIOL;Número de novos casos diagnosticados no concello: 73;Incidencia acumulada para o concello: >500;Número de novos casos diagnosticados no concello: 44;Incidencia acumulada para o concello: >250
21-01-2022;34122727021;XERMADE;Número de novos casos diagnosticados no concello: 25;Incidencia acumulada para o concello: >500;Número de novos casos diagnosticados no concello: 11;Incidencia acumulada para o concello: >250
21-01-2022;34122727022;GUITIRIZ;Número de novos casos diagnosticados no concello: 199;Incidencia acumulada para o concello: >500;Número de novos casos diagnosticados no concello: 72;Incidencia acumulada para o concello: >250
21-01-2022;34122727023;GUNTIN;Número de novos casos diagnosticados no concello: 52;Incidencia acumulada para o concello: >500;Número de novos casos diagnosticados no concello: 31;Incidencia acumulada para o concello: >250
21-01-2022;34122727024;INCIO (O);Número de novos casos diagnosticados no concello: 29;Incidencia acumulada para o concello: >500;Número de novos casos diagnosticados no concello: 22;Incidencia acumulada para o concello: >250
21-01-2022;34122727025;XOVE;Número de novos casos diagnosticados no concello: 84;Incidencia acumulada para o concello: >500;Número de novos casos diagnosticados no concello: 25;Incidencia acumulada para o concello: >250
21-01-2022;34122727026;LANCARA;Número de novos casos diagnosticados no concello: 54;Incidencia acumulada para o concello: >500;Número de novos casos diagnosticados no concello: 26;Incidencia acumulada para o concello: >250
21-01-2022;34122727027;LOURENZA;Número de novos casos diagnosticados no concello: 56;Incidencia acumulada para o concello: >500;Número de novos casos diagnosticados no concello: 36;Incidencia acumulada para o concello: >250
21-01-2022;34122727028;LUGO;Número de novos casos diagnosticados no concello: 3.536;Incidencia acumulada para o concello: >500;Número de novos casos diagnosticados no concello: 1.509;Incidencia acumulada para o concello: >250
21-01-2022;34122727029;MEIRA;Número de novos casos diagnosticados no concello: 53;Incidencia acumulada para o concello: >500;Número de novos casos diagnosticados no concello: 29;Incidencia acumulada para o concello: >250
21-01-2022;34122727030;MONDOÑEDO;Número de novos casos diagnosticados no concello: 112;Incidencia acumulada para o concello: >500;Número de novos casos diagnosticados no concello: 64;Incidencia acumulada para o concello: >250
21-01-2022;34122727031;MONFORTE DE LEMOS;Número de novos casos diagnosticados no concello: 395;Incidencia acumulada para o concello: >500;Número de novos casos diagnosticados no concello: 167;Incidencia acumulada para o concello: >250
21-01-2022;34122727032;MONTERROSO;Número de novos casos diagnosticados no concello: 96;Incidencia acumulada para o concello: >500;Número de novos casos diagnosticados no concello: 39;Incidencia acumulada para o concello: >250
21-01-2022;34122727033;MURAS;0;Incidencia acumulada para o concello: ≤25;0;Incidencia acumulada para o concello: ≤10
21-01-2022;34122727034;NAVIA DE SUARNA;Número de novos casos diagnosticados no concello: 12;Incidencia acumulada para o concello: >500;5;Incidencia acumulada para o concello: >250
21-01-2022;34122727035;NEGUEIRA DE MUÑIZ;5;Incidencia acumulada para o concello: >500;0;Incidencia acumulada para o concello: ≤10
21-01-2022;34122727037;NOGAIS (AS);5;Incidencia acumulada para o concello: >500;5;Incidencia acumulada para o concello: >250
21-01-2022;34122727038;OUROL;Número de novos casos diagnosticados no concello: 14;Incidencia acumulada para o concello: >500;5;Incidencia acumulada para o concello: >250
21-01-2022;34122727039;OUTEIRO DE REI;Número de novos casos diagnosticados no concello: 113;Incidencia acumulada para o concello: >500;Número de novos casos diagnosticados no concello: 58;Incidencia acumulada para o concello: >250
21-01-2022;34122727040;PALAS DE REI;Número de novos casos diagnosticados no concello: 52;Incidencia acumulada para o concello: >500;Número de novos casos diagnosticados no concello: 26;Incidencia acumulada para o concello: >250
21-01-2022;34122727041;PANTON;Número de novos casos diagnosticados no concello: 40;Incidencia acumulada para o concello: >500;Número de novos casos diagnosticados no concello: 24;Incidencia acumulada para o concello: >250
21-01-2022;34122727042;PARADELA;Número de novos casos diagnosticados no concello: 50;Incidencia acumulada para o concello: >500;Número de novos casos diagnosticados no concello: 35;Incidencia acumulada para o concello: >250
21-01-2022;34122727043;PARAMO (O);Número de novos casos diagnosticados no concello: 31;Incidencia acumulada para o concello: >500;Número de novos casos diagnosticados no concello: 18;Incidencia acumulada para o concello: >250
21-01-2022;34122727044;PASTORIZA (A);Número de novos casos diagnosticados no concello: 92;Incidencia acumulada para o concello: >500;Número de novos casos diagnosticados no concello: 51;Incidencia acumulada para o concello: >250
21-01-2022;34122727045;PEDRAFITA DO CEBREIRO;Número de novos casos diagnosticados no concello: 12;Incidencia acumulada para o concello: >500;5;Incidencia acumulada para o concello: >250
21-01-2022;34122727046;POL;Número de novos casos diagnosticados no concello: 29;Incidencia acumulada para o concello: >500;Número de novos casos diagnosticados no concello: 10;Incidencia acumulada para o concello: >250
21-01-2022;34122727047;POBRA DO BROLLON (A);Número de novos casos diagnosticados no concello: 43;Incidencia acumulada para o concello: >500;Número de novos casos diagnosticados no concello: 33;Incidencia acumulada para o concello: >250
21-01-2022;34122727048;PONTENOVA (A);Número de novos casos diagnosticados no concello: 82;Incidencia acumulada para o concello: >500;Número de novos casos diagnosticados no concello: 47;Incidencia acumulada para o concello: >250
21-01-2022;34122727049;PORTOMARIN;Número de novos casos diagnosticados no concello: 25;Incidencia acumulada para o concello: >500;5;Incidencia acumulada para o concello: >250
21-01-2022;34122727050;QUIROGA;Número de novos casos diagnosticados no concello: 85;Incidencia acumulada para o concello: >500;Número de novos casos diagnosticados no concello: 31;Incidencia acumulada para o concello: >250
21-01-2022;34122727051;RIBADEO;Número de novos casos diagnosticados no concello: 401;Incidencia acumulada para o concello: >500;Número de novos casos diagnosticados no concello: 193;Incidencia acumulada para o concello: >250
21-01-2022;34122727052;RIBAS DE SIL;Número de novos casos diagnosticados no concello: 26;Incidencia acumulada para o concello: >500;Número de novos casos diagnosticados no concello: 13;Incidencia acumulada para o concello: >250
21-01-2022;34122727053;RIBEIRA DE PIQUIN;5;Incidencia acumulada para o concello: >500;5;Incidencia acumulada para o concello: >125 e ≤250
21-01-2022;34122727054;RIOTORTO;Número de novos casos diagnosticados no concello: 13;Incidencia acumulada para o concello: >500;5;Incidencia acumulada para o concello: >250
21-01-2022;34122727055;SAMOS;Número de novos casos diagnosticados no concello: 39;Incidencia acumulada para o concello: >500;Número de novos casos diagnosticados no concello: 20;Incidencia acumulada para o concello: >250
21-01-2022;34122727056;RABADE;Número de novos casos diagnosticados no concello: 30;Incidencia acumulada para o concello: >500;Número de novos casos diagnosticados no concello: 14;Incidencia acumulada para o concello: >250
21-01-2022;34122727057;SARRIA;Número de novos casos diagnosticados no concello: 542;Incidencia acumulada para o concello: >500;Número de novos casos diagnosticados no concello: 216;Incidencia acumulada para o concello: >250
21-01-2022;34122727058;SAVIÑAO (O);Número de novos casos diagnosticados no concello: 41;Incidencia acumulada para o concello: >500;Número de novos casos diagnosticados no concello: 17;Incidencia acumulada para o concello: >250
21-01-2022;34122727059;SOBER;Número de novos casos diagnosticados no concello: 28;Incidencia acumulada para o concello: >500;Número de novos casos diagnosticados no concello: 11;Incidencia acumulada para o concello: >250
21-01-2022;34122727060;TABOADA;Número de novos casos diagnosticados no concello: 41;Incidencia acumulada para o concello: >500;Número de novos casos diagnosticados no concello: 14;Incidencia acumulada para o concello: >250
21-01-2022;34122727061;TRABADA;Número de novos casos diagnosticados no concello: 19;Incidencia acumulada para o concello: >500;Número de novos casos diagnosticados no concello: 11;Incidencia acumulada para o concello: >250
21-01-2022;34122727062;TRIACASTELA;Número de novos casos diagnosticados no concello: 26;Incidencia acumulada para o concello: >500;Número de novos casos diagnosticados no concello: 10;Incidencia acumulada para o concello: >250
21-01-2022;34122727063;VALADOURO (O);Número de novos casos diagnosticados no concello: 100;Incidencia acumulada para o concello: >500;Número de novos casos diagnosticados no concello: 55;Incidencia acumulada para o concello: >250
21-01-2022;34122727064;VICEDO (O);Número de novos casos diagnosticados no concello: 20;Incidencia acumulada para o concello: >500;Número de novos casos diagnosticados no concello: 13;Incidencia acumulada para o concello: >250
21-01-2022;34122727065;VILALBA;Número de novos casos diagnosticados no concello: 451;Incidencia acumulada para o concello: >500;Número de novos casos diagnosticados no concello: 199;Incidencia acumulada para o concello: >250
21-01-2022;34122727066;VIVEIRO;Número de novos casos diagnosticados no concello: 448;Incidencia acumulada para o concello: >500;Número de novos casos diagnosticados no concello: 170;Incidencia acumulada para o concello: >250
21-01-2022;34122727901;BARALLA;Número de novos casos diagnosticados no concello: 66;Incidencia acumulada para o concello: >500;Número de novos casos diagnosticados no concello: 22;Incidencia acumulada para o concello: >250
21-01-2022;34122727902;BURELA;Número de novos casos diagnosticados no concello: 441;Incidencia acumulada para o concello: >500;Número de novos casos diagnosticados no concello: 185;Incidencia acumulada para o concello: >250
21-01-2022;34123232001;ALLARIZ;Número de novos casos diagnosticados no concello: 292;Incidencia acumulada para o concello: >500;Número de novos casos diagnosticados no concello: 157;Incidencia acumulada para o concello: >250
21-01-2022;34123232002;AMOEIRO;Número de novos casos diagnosticados no concello: 58;Incidencia acumulada para o concello: >500;Número de novos casos diagnosticados no concello: 20;Incidencia acumulada para o concello: >250
21-01-2022;34123232003;ARNOIA;Número de novos casos diagnosticados no concello: 30;Incidencia acumulada para o concello: >500;Número de novos casos diagnosticados no concello: 17;Incidencia acumulada para o concello: >250
21-01-2022;34123232004;AVION;Número de novos casos diagnosticados no concello: 20;Incidencia acumulada para o concello: >500;Número de novos casos diagnosticados no concello: 12;Incidencia acumulada para o concello: >250
21-01-2022;34123232005;BALTAR;Número de novos casos diagnosticados no concello: 19;Incidencia acumulada para o concello: >500;5;Incidencia acumulada para o concello: >250
21-01-2022;34123232006;BANDE;Número de novos casos diagnosticados no concello: 20;Incidencia acumulada para o concello: >500;Número de novos casos diagnosticados no concello: 10;Incidencia acumulada para o concello: >250
21-01-2022;34123232007;BAÑOS DE MOLGAS;Número de novos casos diagnosticados no concello: 15;Incidencia acumulada para o concello: >500;5;Incidencia acumulada para o concello: >250
21-01-2022;34123232008;BARBADAS;Número de novos casos diagnosticados no concello: 492;Incidencia acumulada para o concello: >500;Número de novos casos diagnosticados no concello: 216;Incidencia acumulada para o concello: >250
21-01-2022;34123232009;BARCO DE VALDEORRAS (O);Número de novos casos diagnosticados no concello: 547;Incidencia acumulada para o concello: >500;Número de novos casos diagnosticados no concello: 226;Incidencia acumulada para o concello: >250
21-01-2022;34123232010;BEADE;5;Incidencia acumulada para o concello: >500;5;Incidencia acumulada para o concello: >250
21-01-2022;34123232011;BEARIZ;5;Incidencia acumulada para o concello: >500;5;Incidencia acumulada para o concello: >250
21-01-2022;34123232012;BLANCOS (OS);Número de novos casos diagnosticados no concello: 15;Incidencia acumulada para o concello: >500;5;Incidencia acumulada para o concello: >250
21-01-2022;34123232013;BOBORAS;Número de novos casos diagnosticados no concello: 52;Incidencia acumulada para o concello: >500;Número de novos casos diagnosticados no concello: 18;Incidencia acumulada para o concello: >250
21-01-2022;34123232014;BOLA A;Número de novos casos diagnosticados no concello: 18;Incidencia acumulada para o concello: >500;5;Incidencia acumulada para o concello: >250
21-01-2022;34123232015;BOLO (O);Número de novos casos diagnosticados no concello: 36;Incidencia acumulada para o concello: >500;Número de novos casos diagnosticados no concello: 12;Incidencia acumulada para o concello: >250
21-01-2022;34123232016;CALVOS DE RANDIN;5;Incidencia acumulada para o concello: >500;5;Incidencia acumulada para o concello: >250
21-01-2022;34123232017;CARBALLEDA DE VALDEORRAS;Número de novos casos diagnosticados no concello: 40;Incidencia acumulada para o concello: >500;Número de novos casos diagnosticados no concello: 19;Incidencia acumulada para o concello: >250
21-01-2022;34123232018;CARBALLEDA DE AVIA;Número de novos casos diagnosticados no concello: 43;Incidencia acumulada para o concello: >500;Número de novos casos diagnosticados no concello: 24;Incidencia acumulada para o concello: >250
21-01-2022;34123232019;CARBALLIÑO (O);Número de novos casos diagnosticados no concello: 461;Incidencia acumulada para o concello: >500;Número de novos casos diagnosticados no concello: 215;Incidencia acumulada para o concello: >250
21-01-2022;34123232020;CARTELLE;Número de novos casos diagnosticados no concello: 50;Incidencia acumulada para o concello: >500;Número de novos casos diagnosticados no concello: 27;Incidencia acumulada para o concello: >250
21-01-2022;34123232021;CASTRELO DO VAL;Número de novos casos diagnosticados no concello: 22;Incidencia acumulada para o concello: >500;5;Incidencia acumulada para o concello: >125 e ≤250
21-01-2022;34123232022;CASTRELO DE MIÑO;Número de novos casos diagnosticados no concello: 17;Incidencia acumulada para o concello: >500;5;Incidencia acumulada para o concello: >125 e ≤250
21-01-2022;34123232023;CASTRO CALDELAS;Número de novos casos diagnosticados no concello: 27;Incidencia acumulada para o concello: >500;Número de novos casos diagnosticados no concello: 10;Incidencia acumulada para o concello: >250
21-01-2022;34123232024;CELANOVA;Número de novos casos diagnosticados no concello: 217;Incidencia acumulada para o concello: >500;Número de novos casos diagnosticados no concello: 89;Incidencia acumulada para o concello: >250
21-01-2022;34123232025;CENLLE;Número de novos casos diagnosticados no concello: 13;Incidencia acumulada para o concello: >500;5;Incidencia acumulada para o concello: >250
21-01-2022;34123232026;COLES;Número de novos casos diagnosticados no concello: 81;Incidencia acumulada para o concello: >500;Número de novos casos diagnosticados no concello: 40;Incidencia acumulada para o concello: >250
21-01-2022;34123232027;CORTEGADA;Número de novos casos diagnosticados no concello: 50;Incidencia acumulada para o concello: >500;Número de novos casos diagnosticados no concello: 23;Incidencia acumulada para o concello: >250
21-01-2022;34123232028;CUALEDRO;Número de novos casos diagnosticados no concello: 33;Incidencia acumulada para o concello: >500;Número de novos casos diagnosticados no concello: 23;Incidencia acumulada para o concello: >250
21-01-2022;34123232029;CHANDREXA DE QUEIXA;Número de novos casos diagnosticados no concello: 19;Incidencia acumulada para o concello: >500;5;Incidencia acumulada para o concello: >250
21-01-2022;34123232030;ENTRIMO;Número de novos casos diagnosticados no concello: 28;Incidencia acumulada para o concello: >500;5;Incidencia acumulada para o concello: >250
21-01-2022;34123232031;ESGOS;Número de novos casos diagnosticados no concello: 12;Incidencia acumulada para o concello: >500;5;Incidencia acumulada para o concello: >250
21-01-2022;34123232032;XINZO DE LIMIA;Número de novos casos diagnosticados no concello: 362;Incidencia acumulada para o concello: >500;Número de novos casos diagnosticados no concello: 133;Incidencia acumulada para o concello: >250
21-01-2022;34123232033;GOMESENDE;Número de novos casos diagnosticados no concello: 21;Incidencia acumulada para o concello: >500;5;Incidencia acumulada para o concello: >250
21-01-2022;34123232034;GUDIÑA (A);Número de novos casos diagnosticados no concello: 43;Incidencia acumulada para o concello: >500;Número de novos casos diagnosticados no concello: 18;Incidencia acumulada para o concello: >250
21-01-2022;34123232035;IRIXO (O);Número de novos casos diagnosticados no concello: 12;Incidencia acumulada para o concello: >500;5;Incidencia acumulada para o concello: >125 e ≤250
21-01-2022;34123232036;XUNQUEIRA DE AMBIA;Número de novos casos diagnosticados no concello: 50;Incidencia acumulada para o concello: >500;Número de novos casos diagnosticados no concello: 23;Incidencia acumulada para o concello: >250
21-01-2022;34123232037;XUNQUEIRA DE ESPADANEDO;Número de novos casos diagnosticados no concello: 33;Incidencia acumulada para o concello: >500;Número de novos casos diagnosticados no concello: 18;Incidencia acumulada para o concello: >250
21-01-2022;34123232038;LAROUCO;Número de novos casos diagnosticados no concello: 68;Incidencia acumulada para o concello: >500;Número de novos casos diagnosticados no concello: 19;Incidencia acumulada para o concello: >250
21-01-2022;34123232039;LAZA;Número de novos casos diagnosticados no concello: 15;Incidencia acumulada para o concello: >500;5;Incidencia acumulada para o concello: >125 e ≤250
21-01-2022;34123232040;LEIRO;Número de novos casos diagnosticados no concello: 35;Incidencia acumulada para o concello: >500;Número de novos casos diagnosticados no concello: 24;Incidencia acumulada para o concello: >250
21-01-2022;34123232041;LOBEIRA;Número de novos casos diagnosticados no concello: 18;Incidencia acumulada para o concello: >500;Número de novos casos diagnosticados no concello: 12;Incidencia acumulada para o concello: >250
21-01-2022;34123232042;LOBIOS;Número de novos casos diagnosticados no concello: 37;Incidencia acumulada para o concello: >500;5;Incidencia acumulada para o concello: >250
21-01-2022;34123232043;MACEDA;Número de novos casos diagnosticados no concello: 139;Incidencia acumulada para o concello: >500;Número de novos casos diagnosticados no concello: 65;Incidencia acumulada para o concello: >250
21-01-2022;34123232044;MANZANEDA;Número de novos casos diagnosticados no concello: 20;Incidencia acumulada para o concello: >500;5;Incidencia acumulada para o concello: >250
21-01-2022;34123232045;MASIDE;Número de novos casos diagnosticados no concello: 52;Incidencia acumulada para o concello: >500;Número de novos casos diagnosticados no concello: 24;Incidencia acumulada para o concello: >250
21-01-2022;34123232046;MELON;Número de novos casos diagnosticados no concello: 17;Incidencia acumulada para o concello: >500;5;Incidencia acumulada para o concello: >250
21-01-2022;34123232047;MERCA A;Número de novos casos diagnosticados no concello: 28;Incidencia acumulada para o concello: >500;Número de novos casos diagnosticados no concello: 15;Incidencia acumulada para o concello: >250
21-01-2022;34123232048;MEZQUITA (A);Número de novos casos diagnosticados no concello: 70;Incidencia acumulada para o concello: >500;5;Incidencia acumulada para o concello: >250
21-01-2022;34123232049;MONTEDERRAMO;Número de novos casos diagnosticados no concello: 24;Incidencia acumulada para o concello: >500;5;Incidencia acumulada para o concello: >250
21-01-2022;34123232050;MONTERREI;Número de novos casos diagnosticados no concello: 48;Incidencia acumulada para o concello: >500;Número de novos casos diagnosticados no concello: 16;Incidencia acumulada para o concello: >250
21-01-2022;34123232051;MUIÑOS;Número de novos casos diagnosticados no concello: 22;Incidencia acumulada para o concello: >500;5;Incidencia acumulada para o concello: >125 e ≤250
21-01-2022;34123232052;NOGUEIRA DE RAMUIN;Número de novos casos diagnosticados no concello: 56;Incidencia acumulada para o concello: >500;Número de novos casos diagnosticados no concello: 31;Incidencia acumulada para o concello: >250
21-01-2022;34123232053;OIMBRA;Número de novos casos diagnosticados no concello: 18;Incidencia acumulada para o concello: >500;Número de novos casos diagnosticados no concello: 11;Incidencia acumulada para o concello: >250
21-01-2022;34123232054;OURENSE;Número de novos casos diagnosticados no concello: 4.279;Incidencia acumulada para o concello: >500;Número de novos casos diagnosticados no concello: 1.906;Incidencia acumulada para o concello: >250
21-01-2022;34123232055;PADERNE DE ALLARIZ;Número de novos casos diagnosticados no concello: 20;Incidencia acumulada para o concello: >500;5;Incidencia acumulada para o concello: >250
21-01-2022;34123232056;PADRENDA;Número de novos casos diagnosticados no concello: 32;Incidencia acumulada para o concello: >500;Número de novos casos diagnosticados no concello: 15;Incidencia acumulada para o concello: >250
21-01-2022;34123232057;PARADA DE SIL;Número de novos casos diagnosticados no concello: 27;Incidencia acumulada para o concello: >500;Número de novos casos diagnosticados no concello: 12;Incidencia acumulada para o concello: >250
21-01-2022;34123232058;PEREIRO DE AGUIAR;Número de novos casos diagnosticados no concello: 145;Incidencia acumulada para o concello: >500;Número de novos casos diagnosticados no concello: 73;Incidencia acumulada para o concello: >250
21-01-2022;34123232059;PEROXA A;Número de novos casos diagnosticados no concello: 15;Incidencia acumulada para o concello: >500;5;Incidencia acumulada para o concello: >250
21-01-2022;34123232060;PETIN;Número de novos casos diagnosticados no concello: 16;Incidencia acumulada para o concello: >500;5;Incidencia acumulada para o concello: >125 e ≤250
21-01-2022;34123232061;PIÑOR;Número de novos casos diagnosticados no concello: 20;Incidencia acumulada para o concello: >500;5;Incidencia acumulada para o concello: >250
21-01-2022;34123232062;PORQUEIRA;Número de novos casos diagnosticados no concello: 26;Incidencia acumulada para o concello: >500;Número de novos casos diagnosticados no concello: 12;Incidencia acumulada para o concello: >250
21-01-2022;34123232063;POBRA DE TRIVES A;Número de novos casos diagnosticados no concello: 83;Incidencia acumulada para o concello: >500;Número de novos casos diagnosticados no concello: 22;Incidencia acumulada para o concello: >250
21-01-2022;34123232064;PONTEDEVA;5;Incidencia acumulada para o concello: >500;5;Incidencia acumulada para o concello: >250
21-01-2022;34123232065;PUNXIN;Número de novos casos diagnosticados no concello: 27;Incidencia acumulada para o concello: >500;Número de novos casos diagnosticados no concello: 10;Incidencia acumulada para o concello: >250
21-01-2022;34123232066;QUINTELA DE LEIRADO;5;Incidencia acumulada para o concello: >500;5;Incidencia acumulada para o concello: >250
21-01-2022;34123232067;RAIRIZ DE VEIGA;Número de novos casos diagnosticados no concello: 29;Incidencia acumulada para o concello: >500;5;Incidencia acumulada para o concello: >250
21-01-2022;34123232068;RAMIRAS;Número de novos casos diagnosticados no concello: 30;Incidencia acumulada para o concello: >500;Número de novos casos diagnosticados no concello: 12;Incidencia acumulada para o concello: >250
21-01-2022;34123232069;RIBADAVIA;Número de novos casos diagnosticados no concello: 180;Incidencia acumulada para o concello: >500;Número de novos casos diagnosticados no concello: 77;Incidencia acumulada para o concello: >250
21-01-2022;34123232070;SAN XOAN DE RIO;5;Incidencia acumulada para o concello: >500;5;Incidencia acumulada para o concello: >125 e ≤250
21-01-2022;34123232071;RIOS;Número de novos casos diagnosticados no concello: 28;Incidencia acumulada para o concello: >500;Número de novos casos diagnosticados no concello: 18;Incidencia acumulada para o concello: >250
21-01-2022;34123232072;RUA (A);Número de novos casos diagnosticados no concello: 139;Incidencia acumulada para o concello: >500;Número de novos casos diagnosticados no concello: 51;Incidencia acumulada para o concello: >250
21-01-2022;34123232073;RUBIA;Número de novos casos diagnosticados no concello: 73;Incidencia acumulada para o concello: >500;Número de novos casos diagnosticados no concello: 54;Incidencia acumulada para o concello: >250
21-01-2022;34123232074;SAN AMARO;Número de novos casos diagnosticados no concello: 21;Incidencia acumulada para o concello: >500;5;Incidencia acumulada para o concello: >250
21-01-2022;34123232075;SAN CIBRAO DAS VIÑAS;Número de novos casos diagnosticados no concello: 107;Incidencia acumulada para o concello: >500;Número de novos casos diagnosticados no concello: 50;Incidencia acumulada para o concello: >250
21-01-2022;34123232076;SAN CRISTOVO DE CEA;Número de novos casos diagnosticados no concello: 31;Incidencia acumulada para o concello: >500;Número de novos casos diagnosticados no concello: 10;Incidencia acumulada para o concello: >250
21-01-2022;34123232077;SANDIAS;Número de novos casos diagnosticados no concello: 46;Incidencia acumulada para o concello: >500;Número de novos casos diagnosticados no concello: 26;Incidencia acumulada para o concello: >250
21-01-2022;34123232078;SARREAUS;Número de novos casos diagnosticados no concello: 25;Incidencia acumulada para o concello: >500;Número de novos casos diagnosticados no concello: 13;Incidencia acumulada para o concello: >250
21-01-2022;34123232079;TABOADELA;Número de novos casos diagnosticados no concello: 28;Incidencia acumulada para o concello: >500;Número de novos casos diagnosticados no concello: 15;Incidencia acumulada para o concello: >250
21-01-2022;34123232080;TEIXEIRA A;5;Incidencia acumulada para o concello: >500;5;Incidencia acumulada para o concello: >250
21-01-2022;34123232081;TOEN;Número de novos casos diagnosticados no concello: 41;Incidencia acumulada para o concello: >500;Número de novos casos diagnosticados no concello: 18;Incidencia acumulada para o concello: >250
21-01-2022;34123232082;TRASMIRAS;Número de novos casos diagnosticados no concello: 19;Incidencia acumulada para o concello: >500;5;Incidencia acumulada para o concello: >250
21-01-2022;34123232083;VEIGA (A);Número de novos casos diagnosticados no concello: 34;Incidencia acumulada para o concello: >500;Número de novos casos diagnosticados no concello: 21;Incidencia acumulada para o concello: >250
21-01-2022;34123232084;VEREA;Número de novos casos diagnosticados no concello: 10;Incidencia acumulada para o concello: >500;5;Incidencia acumulada para o concello: >250
21-01-2022;34123232085;VERIN;Número de novos casos diagnosticados no concello: 492;Incidencia acumulada para o concello: >500;Número de novos casos diagnosticados no concello: 204;Incidencia acumulada para o concello: >250
21-01-2022;34123232086;VIANA DO BOLO;Número de novos casos diagnosticados no concello: 92;Incidencia acumulada para o concello: >500;Número de novos casos diagnosticados no concello: 37;Incidencia acumulada para o concello: >250
21-01-2022;34123232087;VILAMARIN;Número de novos casos diagnosticados no concello: 29;Incidencia acumulada para o concello: >500;Número de novos casos diagnosticados no concello: 17;Incidencia acumulada para o concello: >250
21-01-2022;34123232088;VILAMARTIN DE VALDEORRAS;Número de novos casos diagnosticados no concello: 44;Incidencia acumulada para o concello: >500;Número de novos casos diagnosticados no concello: 21;Incidencia acumulada para o concello: >250
21-01-2022;34123232089;VILAR DE BARRIO;Número de novos casos diagnosticados no concello: 19;Incidencia acumulada para o concello: >500;Número de novos casos diagnosticados no concello: 11;Incidencia acumulada para o concello: >250
21-01-2022;34123232090;VILAR DE SANTOS;Número de novos casos diagnosticados no concello: 27;Incidencia acumulada para o concello: >500;Número de novos casos diagnosticados no concello: 14;Incidencia acumulada para o concello: >250
21-01-2022;34123232091;VILARDEVOS;Número de novos casos diagnosticados no concello: 47;Incidencia acumulada para o concello: >500;Número de novos casos diagnosticados no concello: 12;Incidencia acumulada para o concello: >250
21-01-2022;34123232092;VILARIÑO DE CONSO;5;Incidencia acumulada para o concello: >500;5;Incidencia acumulada para o concello: >125 e ≤250
21-01-2022;34123636001;ARBO;Número de novos casos diagnosticados no concello: 56;Incidencia acumulada para o concello: >500;Número de novos casos diagnosticados no concello: 20;Incidencia acumulada para o concello: >250
21-01-2022;34123636002;BARRO;Número de novos casos diagnosticados no concello: 120;Incidencia acumulada para o concello: >500;Número de novos casos diagnosticados no concello: 53;Incidencia acumulada para o concello: >250
21-01-2022;34123636003;BAIONA;Número de novos casos diagnosticados no concello: 428;Incidencia acumulada para o concello: >500;Número de novos casos diagnosticados no concello: 172;Incidencia acumulada para o concello: >250
21-01-2022;34123636004;BUEU;Número de novos casos diagnosticados no concello: 363;Incidencia acumulada para o concello: >500;Número de novos casos diagnosticados no concello: 159;Incidencia acumulada para o concello: >250
21-01-2022;34123636005;CALDAS DE REIS;Número de novos casos diagnosticados no concello: 312;Incidencia acumulada para o concello: >500;Número de novos casos diagnosticados no concello: 139;Incidencia acumulada para o concello: >250
21-01-2022;34123636006;CAMBADOS;Número de novos casos diagnosticados no concello: 658;Incidencia acumulada para o concello: >500;Número de novos casos diagnosticados no concello: 283;Incidencia acumulada para o concello: >250
21-01-2022;34123636007;CAMPO LAMEIRO;Número de novos casos diagnosticados no concello: 46;Incidencia acumulada para o concello: >500;Número de novos casos diagnosticados no concello: 20;Incidencia acumulada para o concello: >250
21-01-2022;34123636008;CANGAS;Número de novos casos diagnosticados no concello: 1.121;Incidencia acumulada para o concello: >500;Número de novos casos diagnosticados no concello: 449;Incidencia acumulada para o concello: >250
21-01-2022;34123636009;CAÑIZA (A);Número de novos casos diagnosticados no concello: 130;Incidencia acumulada para o concello: >500;Número de novos casos diagnosticados no concello: 60;Incidencia acumulada para o concello: >250
21-01-2022;34123636010;CATOIRA;Número de novos casos diagnosticados no concello: 98;Incidencia acumulada para o concello: >500;Número de novos casos diagnosticados no concello: 57;Incidencia acumulada para o concello: >250
21-01-2022;34123636013;COVELO (O);Número de novos casos diagnosticados no concello: 50;Incidencia acumulada para o concello: >500;Número de novos casos diagnosticados no concello: 33;Incidencia acumulada para o concello: >250
21-01-2022;34123636014;CRECENTE;Número de novos casos diagnosticados no concello: 34;Incidencia acumulada para o concello: >500;Número de novos casos diagnosticados no concello: 21;Incidencia acumulada para o concello: >250
21-01-2022;34123636015;CUNTIS;Número de novos casos diagnosticados no concello: 95;Incidencia acumulada para o concello: >500;Número de novos casos diagnosticados no concello: 31;Incidencia acumulada para o concello: >250
21-01-2022;34123636016;DOZON;Número de novos casos diagnosticados no concello: 36;Incidencia acumulada para o concello: >500;Número de novos casos diagnosticados no concello: 21;Incidencia acumulada para o concello: >250
21-01-2022;34123636017;ESTRADA A;Número de novos casos diagnosticados no concello: 600;Incidencia acumulada para o concello: >500;Número de novos casos diagnosticados no concello: 271;Incidencia acumulada para o concello: >250
21-01-2022;34123636018;FORCAREI;Número de novos casos diagnosticados no concello: 37;Incidencia acumulada para o concello: >500;Número de novos casos diagnosticados no concello: 16;Incidencia acumulada para o concello: >250
21-01-2022;34123636019;FORNELOS DE MONTES;Número de novos casos diagnosticados no concello: 36;Incidencia acumulada para o concello: >500;Número de novos casos diagnosticados no concello: 14;Incidencia acumulada para o concello: >250
21-01-2022;34123636020;AGOLADA;Número de novos casos diagnosticados no concello: 48;Incidencia acumulada para o concello: >500;Número de novos casos diagnosticados no concello: 17;Incidencia acumulada para o concello: >250
21-01-2022;34123636021;GONDOMAR;Número de novos casos diagnosticados no concello: 656;Incidencia acumulada para o concello: >500;Número de novos casos diagnosticados no concello: 288;Incidencia acumulada para o concello: >250
21-01-2022;34123636022;GROVE O;Número de novos casos diagnosticados no concello: 401;Incidencia acumulada para o concello: >500;Número de novos casos diagnosticados no concello: 191;Incidencia acumulada para o concello: >250
21-01-2022;34123636023;GUARDA (A);Número de novos casos diagnosticados no concello: 428;Incidencia acumulada para o concello: >500;Número de novos casos diagnosticados no concello: 217;Incidencia acumulada para o concello: >250
21-01-2022;34123636024;LALIN;Número de novos casos diagnosticados no concello: 706;Incidencia acumulada para o concello: >500;Número de novos casos diagnosticados no concello: 330;Incidencia acumulada para o concello: >250
21-01-2022;34123636025;LAMA A;Número de novos casos diagnosticados no concello: 68;Incidencia acumulada para o concello: >500;Número de novos casos diagnosticados no concello: 34;Incidencia acumulada para o concello: >250
21-01-2022;34123636026;MARIN;Número de novos casos diagnosticados no concello: 833;Incidencia acumulada para o concello: >500;Número de novos casos diagnosticados no concello: 405;Incidencia acumulada para o concello: >250
21-01-2022;34123636027;MEAÑO;Número de novos casos diagnosticados no concello: 174;Incidencia acumulada para o concello: >500;Número de novos casos diagnosticados no concello: 63;Incidencia acumulada para o concello: >250
21-01-2022;34123636028;MEIS;Número de novos casos diagnosticados no concello: 147;Incidencia acumulada para o concello: >500;Número de novos casos diagnosticados no concello: 77;Incidencia acumulada para o concello: >250
21-01-2022;34123636029;MOAÑA;Número de novos casos diagnosticados no concello: 845;Incidencia acumulada para o concello: >500;Número de novos casos diagnosticados no concello: 354;Incidencia acumulada para o concello: >250
21-01-2022;34123636030;MONDARIZ;Número de novos casos diagnosticados no concello: 139;Incidencia acumulada para o concello: >500;Número de novos casos diagnosticados no concello: 66;Incidencia acumulada para o concello: >250
21-01-2022;34123636031;MONDARIZ-BALNEARIO;Número de novos casos diagnosticados no concello: 13;Incidencia acumulada para o concello: >500;5;Incidencia acumulada para o concello: >250
21-01-2022;34123636032;MORAÑA;Número de novos casos diagnosticados no concello: 157;Incidencia acumulada para o concello: >500;Número de novos casos diagnosticados no concello: 69;Incidencia acumulada para o concello: >250
21-01-2022;34123636033;MOS;Número de novos casos diagnosticados no concello: 639;Incidencia acumulada para o concello: >500;Número de novos casos diagnosticados no concello: 250;Incidencia acumulada para o concello: >250
21-01-2022;34123636034;NEVES (AS);Número de novos casos diagnosticados no concello: 140;Incidencia acumulada para o concello: >500;Número de novos casos diagnosticados no concello: 63;Incidencia acumulada para o concello: >250
21-01-2022;34123636035;NIGRAN;Número de novos casos diagnosticados no concello: 627;Incidencia acumulada para o concello: >500;Número de novos casos diagnosticados no concello: 256;Incidencia acumulada para o concello: >250
21-01-2022;34123636036;OIA;Número de novos casos diagnosticados no concello: 119;Incidencia acumulada para o concello: >500;Número de novos casos diagnosticados no concello: 74;Incidencia acumulada para o concello: >250
21-01-2022;34123636037;PAZOS DE BORBEN;Número de novos casos diagnosticados no concello: 112;Incidencia acumulada para o concello: >500;Número de novos casos diagnosticados no concello: 52;Incidencia acumulada para o concello: >250
21-01-2022;34123636038;PONTEVEDRA;Número de novos casos diagnosticados no concello: 2.927;Incidencia acumulada para o concello: >500;Número de novos casos diagnosticados no concello: 1.328;Incidencia acumulada para o concello: >250
21-01-2022;34123636039;PORRIÑO (O);Número de novos casos diagnosticados no concello: 903;Incidencia acumulada para o concello: >500;Número de novos casos diagnosticados no concello: 400;Incidencia acumulada para o concello: >250
21-01-2022;34123636040;PORTAS;Número de novos casos diagnosticados no concello: 98;Incidencia acumulada para o concello: >500;Número de novos casos diagnosticados no concello: 41;Incidencia acumulada para o concello: >250
21-01-2022;34123636041;POIO;Número de novos casos diagnosticados no concello: 525;Incidencia acumulada para o concello: >500;Número de novos casos diagnosticados no concello: 259;Incidencia acumulada para o concello: >250
21-01-2022;34123636042;PONTEAREAS;Número de novos casos diagnosticados no concello: 1.122;Incidencia acumulada para o concello: >500;Número de novos casos diagnosticados no concello: 518;Incidencia acumulada para o concello: >250
21-01-2022;34123636043;PONTE-CALDELAS;Número de novos casos diagnosticados no concello: 259;Incidencia acumulada para o concello: >500;Número de novos casos diagnosticados no concello: 114;Incidencia acumulada para o concello: >250
21-01-2022;34123636044;PONTECESURES;Número de novos casos diagnosticados no concello: 100;Incidencia acumulada para o concello: >500;Número de novos casos diagnosticados no concello: 61;Incidencia acumulada para o concello: >250
21-01-2022;34123636045;REDONDELA;Número de novos casos diagnosticados no concello: 1.164;Incidencia acumulada para o concello: >500;Número de novos casos diagnosticados no concello: 504;Incidencia acumulada para o concello: >250
21-01-2022;34123636046;RIBADUMIA;Número de novos casos diagnosticados no concello: 223;Incidencia acumulada para o concello: >500;Número de novos casos diagnosticados no concello: 139;Incidencia acumulada para o concello: >250
21-01-2022;34123636047;RODEIRO;Número de novos casos diagnosticados no concello: 74;Incidencia acumulada para o concello: >500;Número de novos casos diagnosticados no concello: 34;Incidencia acumulada para o concello: >250
21-01-2022;34123636048;ROSAL (O);Número de novos casos diagnosticados no concello: 194;Incidencia acumulada para o concello: >500;Número de novos casos diagnosticados no concello: 80;Incidencia acumulada para o concello: >250
21-01-2022;34123636049;SALCEDA DE CASELAS;Número de novos casos diagnosticados no concello: 459;Incidencia acumulada para o concello: >500;Número de novos casos diagnosticados no concello: 186;Incidencia acumulada para o concello: >250
21-01-2022;34123636050;SALVATERRA DE MIÑO;Número de novos casos diagnosticados no concello: 446;Incidencia acumulada para o concello: >500;Número de novos casos diagnosticados no concello: 214;Incidencia acumulada para o concello: >250
21-01-2022;34123636051;SANXENXO;Número de novos casos diagnosticados no concello: 587;Incidencia acumulada para o concello: >500;Número de novos casos diagnosticados no concello: 230;Incidencia acumulada para o concello: >250
21-01-2022;34123636052;SILLEDA;Número de novos casos diagnosticados no concello: 208;Incidencia acumulada para o concello: >500;Número de novos casos diagnosticados no concello: 106;Incidencia acumulada para o concello: >250
21-01-2022;34123636053;SOUTOMAIOR;Número de novos casos diagnosticados no concello: 246;Incidencia acumulada para o concello: >500;Número de novos casos diagnosticados no concello: 131;Incidencia acumulada para o concello: >250
21-01-2022;34123636054;TOMIÑO;Número de novos casos diagnosticados no concello: 515;Incidencia acumulada para o concello: >500;Número de novos casos diagnosticados no concello: 229;Incidencia acumulada para o concello: >250
21-01-2022;34123636055;TUI;Número de novos casos diagnosticados no concello: 757;Incidencia acumulada para o concello: >500;Número de novos casos diagnosticados no concello: 350;Incidencia acumulada para o concello: >250
21-01-2022;34123636056;VALGA;Número de novos casos diagnosticados no concello: 178;Incidencia acumulada para o concello: >500;Número de novos casos diagnosticados no concello: 78;Incidencia acumulada para o concello: >250
21-01-2022;34123636057;VIGO;Número de novos casos diagnosticados no concello: 11.674;Incidencia acumulada para o concello: >500;Número de novos casos diagnosticados no concello: 5.235;Incidencia acumulada para o concello: >250
21-01-2022;34123636058;VILABOA;Número de novos casos diagnosticados no concello: 189;Incidencia acumulada para o concello: >500;Número de novos casos diagnosticados no concello: 86;Incidencia acumulada para o concello: >250
21-01-2022;34123636059;VILA DE CRUCES;Número de novos casos diagnosticados no concello: 101;Incidencia acumulada para o concello: >500;Número de novos casos diagnosticados no concello: 57;Incidencia acumulada para o concello: >250
21-01-2022;34123636060;VILAGARCIA DE AROUSA;Número de novos casos diagnosticados no concello: 1.714;Incidencia acumulada para o concello: >500;Número de novos casos diagnosticados no concello: 751;Incidencia acumulada para o concello: >250
21-01-2022;34123636061;VILANOVA DE AROUSA;Número de novos casos diagnosticados no concello: 397;Incidencia acumulada para o concello: >500;Número de novos casos diagnosticados no concello: 203;Incidencia acumulada para o concello: >250
21-01-2022;34123636901;ILLA DE AROUSA;Número de novos casos diagnosticados no concello: 322;Incidencia acumulada para o concello: >500;Número de novos casos diagnosticados no concello: 123;Incidencia acumulada para o concello: >250
21-01-2022;34123636902;CERDEDO-COTOBADE;Número de novos casos diagnosticados no concello: 130;Incidencia acumulada para o concello: >500;Número de novos casos diagnosticados no concello: 48;Incidencia acumulada para o concello: >250
