17-12-2021;34121515001;ABEGONDO;Número de novos casos diagnosticados no concello: 18;Incidencia acumulada para o concello: >250 e ≤500;5;Incidencia acumulada para o concello: >75 e ≤125
17-12-2021;34121515002;AMES;Número de novos casos diagnosticados no concello: 131;Incidencia acumulada para o concello: >250 e ≤500;Número de novos casos diagnosticados no concello: 89;Incidencia acumulada para o concello: >250
17-12-2021;34121515003;ARANGA;5;Incidencia acumulada para o concello: >50 e ≤150;0;Incidencia acumulada para o concello: ≤10
17-12-2021;34121515004;ARES;Número de novos casos diagnosticados no concello: 22;Incidencia acumulada para o concello: >250 e ≤500;Número de novos casos diagnosticados no concello: 16;Incidencia acumulada para o concello: >250
17-12-2021;34121515005;ARTEIXO;Número de novos casos diagnosticados no concello: 111;Incidencia acumulada para o concello: >250 e ≤500;Número de novos casos diagnosticados no concello: 68;Incidencia acumulada para o concello: >125 e ≤250
17-12-2021;34121515006;ARZUA;Número de novos casos diagnosticados no concello: 17;Incidencia acumulada para o concello: >250 e ≤500;Número de novos casos diagnosticados no concello: 10;Incidencia acumulada para o concello: >125 e ≤250
17-12-2021;34121515007;BAÑA (A);5;Incidencia acumulada para o concello: >150 e ≤250;5;Incidencia acumulada para o concello: >125 e ≤250
17-12-2021;34121515008;BERGONDO;Número de novos casos diagnosticados no concello: 18;Incidencia acumulada para o concello: >250 e ≤500;Número de novos casos diagnosticados no concello: 14;Incidencia acumulada para o concello: >125 e ≤250
17-12-2021;34121515009;BETANZOS;Número de novos casos diagnosticados no concello: 18;Incidencia acumulada para o concello: >50 e ≤150;Número de novos casos diagnosticados no concello: 15;Incidencia acumulada para o concello: >75 e ≤125
17-12-2021;34121515010;BOIMORTO;Número de novos casos diagnosticados no concello: 11;Incidencia acumulada para o concello: >500;5;Incidencia acumulada para o concello: >250
17-12-2021;34121515011;BOIRO;Número de novos casos diagnosticados no concello: 47;Incidencia acumulada para o concello: >150 e ≤250;Número de novos casos diagnosticados no concello: 35;Incidencia acumulada para o concello: >125 e ≤250
17-12-2021;34121515012;BOQUEIXON;5;Incidencia acumulada para o concello: >50 e ≤150;5;Incidencia acumulada para o concello: >25 e ≤75
17-12-2021;34121515013;BRION;Número de novos casos diagnosticados no concello: 28;Incidencia acumulada para o concello: >250 e ≤500;Número de novos casos diagnosticados no concello: 23;Incidencia acumulada para o concello: >250
17-12-2021;34121515014;CABANA DE BERGANTIÑOS;Número de novos casos diagnosticados no concello: 10;Incidencia acumulada para o concello: >150 e ≤250;5;Incidencia acumulada para o concello: >75 e ≤125
17-12-2021;34121515015;CABANAS;Número de novos casos diagnosticados no concello: 15;Incidencia acumulada para o concello: >250 e ≤500;5;Incidencia acumulada para o concello: >250
17-12-2021;34121515016;CAMARIÑAS;Número de novos casos diagnosticados no concello: 19;Incidencia acumulada para o concello: >250 e ≤500;Número de novos casos diagnosticados no concello: 16;Incidencia acumulada para o concello: >250
17-12-2021;34121515017;CAMBRE;Número de novos casos diagnosticados no concello: 103;Incidencia acumulada para o concello: >250 e ≤500;Número de novos casos diagnosticados no concello: 62;Incidencia acumulada para o concello: >250
17-12-2021;34121515018;CAPELA (A);5;Incidencia acumulada para o concello: >250 e ≤500;5;Incidencia acumulada para o concello: >75 e ≤125
17-12-2021;34121515019;CARBALLO;Número de novos casos diagnosticados no concello: 125;Incidencia acumulada para o concello: >250 e ≤500;Número de novos casos diagnosticados no concello: 65;Incidencia acumulada para o concello: >125 e ≤250
17-12-2021;34121515020;CARNOTA;5;Incidencia acumulada para o concello: >50 e ≤150;5;Incidencia acumulada para o concello: >25 e ≤75
17-12-2021;34121515021;CARRAL;Número de novos casos diagnosticados no concello: 27;Incidencia acumulada para o concello: >250 e ≤500;Número de novos casos diagnosticados no concello: 18;Incidencia acumulada para o concello: >250
17-12-2021;34121515022;CEDEIRA;5;Incidencia acumulada para o concello: >50 e ≤150;5;Incidencia acumulada para o concello: >25 e ≤75
17-12-2021;34121515023;CEE;Número de novos casos diagnosticados no concello: 20;Incidencia acumulada para o concello: >250 e ≤500;Número de novos casos diagnosticados no concello: 11;Incidencia acumulada para o concello: >125 e ≤250
17-12-2021;34121515024;CERCEDA;Número de novos casos diagnosticados no concello: 34;Incidencia acumulada para o concello: >500;Número de novos casos diagnosticados no concello: 21;Incidencia acumulada para o concello: >250
17-12-2021;34121515025;CERDIDO;5;Incidencia acumulada para o concello: >250 e ≤500;5;Incidencia acumulada para o concello: >75 e ≤125
17-12-2021;34121515027;COIROS;5;Incidencia acumulada para o concello: >250 e ≤500;5;Incidencia acumulada para o concello: >250
17-12-2021;34121515028;CORCUBION;5;Incidencia acumulada para o concello: >250 e ≤500;5;Incidencia acumulada para o concello: >125 e ≤250
17-12-2021;34121515029;CORISTANCO;Número de novos casos diagnosticados no concello: 28;Incidencia acumulada para o concello: >250 e ≤500;Número de novos casos diagnosticados no concello: 18;Incidencia acumulada para o concello: >250
17-12-2021;34121515030;CORUÑA (A);Número de novos casos diagnosticados no concello: 864;Incidencia acumulada para o concello: >250 e ≤500;Número de novos casos diagnosticados no concello: 529;Incidencia acumulada para o concello: >125 e ≤250
17-12-2021;34121515031;CULLEREDO;Número de novos casos diagnosticados no concello: 120;Incidencia acumulada para o concello: >250 e ≤500;Número de novos casos diagnosticados no concello: 66;Incidencia acumulada para o concello: >125 e ≤250
17-12-2021;34121515032;CURTIS;Número de novos casos diagnosticados no concello: 12;Incidencia acumulada para o concello: >250 e ≤500;5;Incidencia acumulada para o concello: >125 e ≤250
17-12-2021;34121515033;DODRO;Número de novos casos diagnosticados no concello: 11;Incidencia acumulada para o concello: >250 e ≤500;5;Incidencia acumulada para o concello: >125 e ≤250
17-12-2021;34121515034;DUMBRIA;5;Incidencia acumulada para o concello: >50 e ≤150;5;Incidencia acumulada para o concello: >25 e ≤75
17-12-2021;34121515035;FENE;Número de novos casos diagnosticados no concello: 29;Incidencia acumulada para o concello: >150 e ≤250;5;Incidencia acumulada para o concello: >25 e ≤75
17-12-2021;34121515036;FERROL;Número de novos casos diagnosticados no concello: 224;Incidencia acumulada para o concello: >250 e ≤500;Número de novos casos diagnosticados no concello: 117;Incidencia acumulada para o concello: >125 e ≤250
17-12-2021;34121515037;FISTERRA;Número de novos casos diagnosticados no concello: 14;Incidencia acumulada para o concello: >250 e ≤500;Número de novos casos diagnosticados no concello: 10;Incidencia acumulada para o concello: >125 e ≤250
17-12-2021;34121515038;FRADES;5;Incidencia acumulada para o concello: >50 e ≤150;5;Incidencia acumulada para o concello: >75 e ≤125
17-12-2021;34121515039;IRIXOA;5;Incidencia acumulada para o concello: >50 e ≤150;5;Incidencia acumulada para o concello: >25 e ≤75
17-12-2021;34121515040;LAXE;5;Incidencia acumulada para o concello: >150 e ≤250;5;Incidencia acumulada para o concello: >125 e ≤250
17-12-2021;34121515041;LARACHA;Número de novos casos diagnosticados no concello: 44;Incidencia acumulada para o concello: >250 e ≤500;Número de novos casos diagnosticados no concello: 30;Incidencia acumulada para o concello: >250
17-12-2021;34121515042;LOUSAME;5;Incidencia acumulada para o concello: >150 e ≤250;5;Incidencia acumulada para o concello: >25 e ≤75
17-12-2021;34121515043;MALPICA DE BERGANTIÑOS;Número de novos casos diagnosticados no concello: 15;Incidencia acumulada para o concello: >250 e ≤500;5;Incidencia acumulada para o concello: >75 e ≤125
17-12-2021;34121515044;MAÑON;0;Incidencia acumulada para o concello: ≤25;0;Incidencia acumulada para o concello: ≤10
17-12-2021;34121515045;MAZARICOS;Número de novos casos diagnosticados no concello: 12;Incidencia acumulada para o concello: >250 e ≤500;5;Incidencia acumulada para o concello: >125 e ≤250
17-12-2021;34121515046;MELIDE;Número de novos casos diagnosticados no concello: 12;Incidencia acumulada para o concello: >150 e ≤250;5;Incidencia acumulada para o concello: >25 e ≤75
17-12-2021;34121515047;MESIA;0;Incidencia acumulada para o concello: ≤25;0;Incidencia acumulada para o concello: ≤10
17-12-2021;34121515048;MIÑO;Número de novos casos diagnosticados no concello: 11;Incidencia acumulada para o concello: >150 e ≤250;5;Incidencia acumulada para o concello: >75 e ≤125
17-12-2021;34121515049;MOECHE;0;Incidencia acumulada para o concello: ≤25;0;Incidencia acumulada para o concello: ≤10
17-12-2021;34121515050;MONFERO;Número de novos casos diagnosticados no concello: 11;Incidencia acumulada para o concello: >500;5;Incidencia acumulada para o concello: >75 e ≤125
17-12-2021;34121515051;MUGARDOS;5;Incidencia acumulada para o concello: >150 e ≤250;5;Incidencia acumulada para o concello: >75 e ≤125
17-12-2021;34121515052;MUXIA;Número de novos casos diagnosticados no concello: 10;Incidencia acumulada para o concello: >150 e ≤250;Número de novos casos diagnosticados no concello: 10;Incidencia acumulada para o concello: >125 e ≤250
17-12-2021;34121515053;MUROS;Número de novos casos diagnosticados no concello: 20;Incidencia acumulada para o concello: >150 e ≤250;Número de novos casos diagnosticados no concello: 15;Incidencia acumulada para o concello: >125 e ≤250
17-12-2021;34121515054;NARON;Número de novos casos diagnosticados no concello: 95;Incidencia acumulada para o concello: >150 e ≤250;Número de novos casos diagnosticados no concello: 47;Incidencia acumulada para o concello: >75 e ≤125
17-12-2021;34121515055;NEDA;5;Incidencia acumulada para o concello: >150 e ≤250;5;Incidencia acumulada para o concello: >75 e ≤125
17-12-2021;34121515056;NEGREIRA;Número de novos casos diagnosticados no concello: 12;Incidencia acumulada para o concello: >150 e ≤250;5;Incidencia acumulada para o concello: >75 e ≤125
17-12-2021;34121515057;NOIA;Número de novos casos diagnosticados no concello: 51;Incidencia acumulada para o concello: >250 e ≤500;Número de novos casos diagnosticados no concello: 35;Incidencia acumulada para o concello: >125 e ≤250
17-12-2021;34121515058;OLEIROS;Número de novos casos diagnosticados no concello: 209;Incidencia acumulada para o concello: >500;Número de novos casos diagnosticados no concello: 128;Incidencia acumulada para o concello: >250
17-12-2021;34121515059;ORDES;Número de novos casos diagnosticados no concello: 39;Incidencia acumulada para o concello: >250 e ≤500;Número de novos casos diagnosticados no concello: 35;Incidencia acumulada para o concello: >250
17-12-2021;34121515060;OROSO;Número de novos casos diagnosticados no concello: 22;Incidencia acumulada para o concello: >250 e ≤500;Número de novos casos diagnosticados no concello: 17;Incidencia acumulada para o concello: >125 e ≤250
17-12-2021;34121515061;ORTIGUEIRA;5;Incidencia acumulada para o concello: >50 e ≤150;5;Incidencia acumulada para o concello: >25 e ≤75
17-12-2021;34121515062;OUTES;5;Incidencia acumulada para o concello: >50 e ≤150;5;Incidencia acumulada para o concello: >75 e ≤125
17-12-2021;34121515064;PADERNE;5;Incidencia acumulada para o concello: >25 e ≤50;0;Incidencia acumulada para o concello: ≤10
17-12-2021;34121515065;PADRON;5;Incidencia acumulada para o concello: >50 e ≤150;5;Incidencia acumulada para o concello: >75 e ≤125
17-12-2021;34121515066;PINO (O);5;Incidencia acumulada para o concello: >50 e ≤150;5;Incidencia acumulada para o concello: >25 e ≤75
17-12-2021;34121515067;POBRA DO CARAMIÑAL A;Número de novos casos diagnosticados no concello: 42;Incidencia acumulada para o concello: >250 e ≤500;Número de novos casos diagnosticados no concello: 29;Incidencia acumulada para o concello: >250
17-12-2021;34121515068;PONTECESO;5;Incidencia acumulada para o concello: >50 e ≤150;5;Incidencia acumulada para o concello: >25 e ≤75
17-12-2021;34121515069;PONTEDEUME;Número de novos casos diagnosticados no concello: 18;Incidencia acumulada para o concello: >150 e ≤250;Número de novos casos diagnosticados no concello: 16;Incidencia acumulada para o concello: >125 e ≤250
17-12-2021;34121515070;PONTES DE GARCIA RODRIGUEZ (AS);Número de novos casos diagnosticados no concello: 24;Incidencia acumulada para o concello: >150 e ≤250;Número de novos casos diagnosticados no concello: 11;Incidencia acumulada para o concello: >75 e ≤125
17-12-2021;34121515071;PORTO DO SON;Número de novos casos diagnosticados no concello: 28;Incidencia acumulada para o concello: >250 e ≤500;Número de novos casos diagnosticados no concello: 20;Incidencia acumulada para o concello: >125 e ≤250
17-12-2021;34121515072;RIANXO;5;Incidencia acumulada para o concello: >50 e ≤150;5;Incidencia acumulada para o concello: >25 e ≤75
17-12-2021;34121515073;RIBEIRA;Número de novos casos diagnosticados no concello: 77;Incidencia acumulada para o concello: >250 e ≤500;Número de novos casos diagnosticados no concello: 55;Incidencia acumulada para o concello: >125 e ≤250
17-12-2021;34121515074;ROIS;5;Incidencia acumulada para o concello: >50 e ≤150;5;Incidencia acumulada para o concello: >25 e ≤75
17-12-2021;34121515075;SADA;Número de novos casos diagnosticados no concello: 74;Incidencia acumulada para o concello: >250 e ≤500;Número de novos casos diagnosticados no concello: 51;Incidencia acumulada para o concello: >250
17-12-2021;34121515076;SAN SADURNIÑO;5;Incidencia acumulada para o concello: >50 e ≤150;5;Incidencia acumulada para o concello: >75 e ≤125
17-12-2021;34121515077;SANTA COMBA;Número de novos casos diagnosticados no concello: 25;Incidencia acumulada para o concello: >250 e ≤500;Número de novos casos diagnosticados no concello: 14;Incidencia acumulada para o concello: >125 e ≤250
17-12-2021;34121515078;SANTIAGO DE COMPOSTELA;Número de novos casos diagnosticados no concello: 345;Incidencia acumulada para o concello: >250 e ≤500;Número de novos casos diagnosticados no concello: 247;Incidencia acumulada para o concello: >250
17-12-2021;34121515079;SANTISO;5;Incidencia acumulada para o concello: >250 e ≤500;5;Incidencia acumulada para o concello: >250
17-12-2021;34121515080;SOBRADO;5;Incidencia acumulada para o concello: >250 e ≤500;5;Incidencia acumulada para o concello: >25 e ≤75
17-12-2021;34121515081;SOMOZAS;Número de novos casos diagnosticados no concello: 13;Incidencia acumulada para o concello: >500;5;Incidencia acumulada para o concello: >75 e ≤125
17-12-2021;34121515082;TEO;Número de novos casos diagnosticados no concello: 55;Incidencia acumulada para o concello: >250 e ≤500;Número de novos casos diagnosticados no concello: 37;Incidencia acumulada para o concello: >125 e ≤250
17-12-2021;34121515083;TOQUES;5;Incidencia acumulada para o concello: >500;5;Incidencia acumulada para o concello: >250
17-12-2021;34121515084;TORDOIA;5;Incidencia acumulada para o concello: >150 e ≤250;5;Incidencia acumulada para o concello: >75 e ≤125
17-12-2021;34121515085;TOURO;Número de novos casos diagnosticados no concello: 10;Incidencia acumulada para o concello: >250 e ≤500;5;Incidencia acumulada para o concello: >125 e ≤250
17-12-2021;34121515086;TRAZO;Número de novos casos diagnosticados no concello: 14;Incidencia acumulada para o concello: >250 e ≤500;Número de novos casos diagnosticados no concello: 12;Incidencia acumulada para o concello: >250
17-12-2021;34121515087;VALDOVIÑO;5;Incidencia acumulada para o concello: >50 e ≤150;5;Incidencia acumulada para o concello: >25 e ≤75
17-12-2021;34121515088;VAL DO DUBRA;Número de novos casos diagnosticados no concello: 11;Incidencia acumulada para o concello: >250 e ≤500;5;Incidencia acumulada para o concello: >125 e ≤250
17-12-2021;34121515089;VEDRA;Número de novos casos diagnosticados no concello: 18;Incidencia acumulada para o concello: >250 e ≤500;Número de novos casos diagnosticados no concello: 11;Incidencia acumulada para o concello: >125 e ≤250
17-12-2021;34121515090;VILASANTAR;5;Incidencia acumulada para o concello: >250 e ≤500;0;Incidencia acumulada para o concello: ≤10
17-12-2021;34121515091;VILARMAIOR;0;Incidencia acumulada para o concello: ≤25;0;Incidencia acumulada para o concello: ≤10
17-12-2021;34121515092;VIMIANZO;Número de novos casos diagnosticados no concello: 30;Incidencia acumulada para o concello: >250 e ≤500;Número de novos casos diagnosticados no concello: 27;Incidencia acumulada para o concello: >250
17-12-2021;34121515093;ZAS;Número de novos casos diagnosticados no concello: 34;Incidencia acumulada para o concello: >500;Número de novos casos diagnosticados no concello: 17;Incidencia acumulada para o concello: >250
17-12-2021;34121515901;CARIÑO;5;Incidencia acumulada para o concello: >25 e ≤50;0;Incidencia acumulada para o concello: ≤10
17-12-2021;34121515902;OZA-CESURAS;Número de novos casos diagnosticados no concello: 18;Incidencia acumulada para o concello: >250 e ≤500;5;Incidencia acumulada para o concello: >125 e ≤250
17-12-2021;34122727001;ABADIN;5;Incidencia acumulada para o concello: >250 e ≤500;5;Incidencia acumulada para o concello: >125 e ≤250
17-12-2021;34122727002;ALFOZ;5;Incidencia acumulada para o concello: >150 e ≤250;0;Incidencia acumulada para o concello: ≤10
17-12-2021;34122727003;ANTAS DE ULLA;5;Incidencia acumulada para o concello: >250 e ≤500;5;Incidencia acumulada para o concello: >125 e ≤250
17-12-2021;34122727004;BALEIRA;5;Incidencia acumulada para o concello: >150 e ≤250;5;Incidencia acumulada para o concello: >125 e ≤250
17-12-2021;34122727005;BARREIROS;5;Incidencia acumulada para o concello: >150 e ≤250;5;Incidencia acumulada para o concello: >125 e ≤250
17-12-2021;34122727006;BECERREA;5;Incidencia acumulada para o concello: >50 e ≤150;5;Incidencia acumulada para o concello: >25 e ≤75
17-12-2021;34122727007;BEGONTE;5;Incidencia acumulada para o concello: >150 e ≤250;5;Incidencia acumulada para o concello: >125 e ≤250
17-12-2021;34122727008;BOVEDA;5;Incidencia acumulada para o concello: >250 e ≤500;5;Incidencia acumulada para o concello: >125 e ≤250
17-12-2021;34122727009;CARBALLEDO;5;Incidencia acumulada para o concello: >250 e ≤500;5;Incidencia acumulada para o concello: >125 e ≤250
17-12-2021;34122727010;CASTRO DE REI;5;Incidencia acumulada para o concello: >50 e ≤150;5;Incidencia acumulada para o concello: >25 e ≤75
17-12-2021;34122727011;CASTROVERDE;5;Incidencia acumulada para o concello: >50 e ≤150;5;Incidencia acumulada para o concello: >75 e ≤125
17-12-2021;34122727012;CERVANTES;0;Incidencia acumulada para o concello: ≤25;0;Incidencia acumulada para o concello: ≤10
17-12-2021;34122727013;CERVO;5;Incidencia acumulada para o concello: >50 e ≤150;5;Incidencia acumulada para o concello: >75 e ≤125
17-12-2021;34122727014;CORGO (O);5;Incidencia acumulada para o concello: >150 e ≤250;5;Incidencia acumulada para o concello: >125 e ≤250
17-12-2021;34122727015;COSPEITO;5;Incidencia acumulada para o concello: ≤25;5;Incidencia acumulada para o concello: >10 e ≤25
17-12-2021;34122727016;CHANTADA;Número de novos casos diagnosticados no concello: 61;Incidencia acumulada para o concello: >500;Número de novos casos diagnosticados no concello: 31;Incidencia acumulada para o concello: >250
17-12-2021;34122727017;FOLGOSO DO COUREL;Número de novos casos diagnosticados no concello: 22;Incidencia acumulada para o concello: >500;5;Incidencia acumulada para o concello: >250
17-12-2021;34122727018;FONSAGRADA (A);5;Incidencia acumulada para o concello: >150 e ≤250;5;Incidencia acumulada para o concello: >125 e ≤250
17-12-2021;34122727019;FOZ;Número de novos casos diagnosticados no concello: 17;Incidencia acumulada para o concello: >150 e ≤250;Número de novos casos diagnosticados no concello: 10;Incidencia acumulada para o concello: >75 e ≤125
17-12-2021;34122727020;FRIOL;5;Incidencia acumulada para o concello: >50 e ≤150;5;Incidencia acumulada para o concello: >25 e ≤75
17-12-2021;34122727021;XERMADE;0;Incidencia acumulada para o concello: ≤25;0;Incidencia acumulada para o concello: ≤10
17-12-2021;34122727022;GUITIRIZ;5;Incidencia acumulada para o concello: >50 e ≤150;5;Incidencia acumulada para o concello: >25 e ≤75
17-12-2021;34122727023;GUNTIN;5;Incidencia acumulada para o concello: >150 e ≤250;5;Incidencia acumulada para o concello: >75 e ≤125
17-12-2021;34122727024;INCIO (O);5;Incidencia acumulada para o concello: >50 e ≤150;5;Incidencia acumulada para o concello: >25 e ≤75
17-12-2021;34122727025;XOVE;5;Incidencia acumulada para o concello: >25 e ≤50;5;Incidencia acumulada para o concello: >25 e ≤75
17-12-2021;34122727026;LANCARA;5;Incidencia acumulada para o concello: >250 e ≤500;5;Incidencia acumulada para o concello: >125 e ≤250
17-12-2021;34122727027;LOURENZA;5;Incidencia acumulada para o concello: >250 e ≤500;5;Incidencia acumulada para o concello: >250
17-12-2021;34122727028;LUGO;Número de novos casos diagnosticados no concello: 350;Incidencia acumulada para o concello: >250 e ≤500;Número de novos casos diagnosticados no concello: 243;Incidencia acumulada para o concello: >125 e ≤250
17-12-2021;34122727029;MEIRA;5;Incidencia acumulada para o concello: >50 e ≤150;5;Incidencia acumulada para o concello: >25 e ≤75
17-12-2021;34122727030;MONDOÑEDO;5;Incidencia acumulada para o concello: >150 e ≤250;5;Incidencia acumulada para o concello: >125 e ≤250
17-12-2021;34122727031;MONFORTE DE LEMOS;Número de novos casos diagnosticados no concello: 71;Incidencia acumulada para o concello: >250 e ≤500;Número de novos casos diagnosticados no concello: 48;Incidencia acumulada para o concello: >250
17-12-2021;34122727032;MONTERROSO;Número de novos casos diagnosticados no concello: 14;Incidencia acumulada para o concello: >250 e ≤500;Número de novos casos diagnosticados no concello: 12;Incidencia acumulada para o concello: >250
17-12-2021;34122727033;MURAS;5;Incidencia acumulada para o concello: >150 e ≤250;0;Incidencia acumulada para o concello: ≤10
17-12-2021;34122727034;NAVIA DE SUARNA;5;Incidencia acumulada para o concello: >50 e ≤150;5;Incidencia acumulada para o concello: >75 e ≤125
17-12-2021;34122727035;NEGUEIRA DE MUÑIZ;0;Incidencia acumulada para o concello: ≤25;0;Incidencia acumulada para o concello: ≤10
17-12-2021;34122727037;NOGAIS (AS);5;Incidencia acumulada para o concello: >50 e ≤150;5;Incidencia acumulada para o concello: >75 e ≤125
17-12-2021;34122727038;OUROL;0;Incidencia acumulada para o concello: ≤25;0;Incidencia acumulada para o concello: ≤10
17-12-2021;34122727039;OUTEIRO DE REI;Número de novos casos diagnosticados no concello: 15;Incidencia acumulada para o concello: >250 e ≤500;5;Incidencia acumulada para o concello: >125 e ≤250
17-12-2021;34122727040;PALAS DE REI;Número de novos casos diagnosticados no concello: 12;Incidencia acumulada para o concello: >250 e ≤500;Número de novos casos diagnosticados no concello: 11;Incidencia acumulada para o concello: >250
17-12-2021;34122727041;PANTON;Número de novos casos diagnosticados no concello: 16;Incidencia acumulada para o concello: >500;5;Incidencia acumulada para o concello: >250
17-12-2021;34122727042;PARADELA;0;Incidencia acumulada para o concello: ≤25;0;Incidencia acumulada para o concello: ≤10
17-12-2021;34122727043;PARAMO (O);0;Incidencia acumulada para o concello: ≤25;0;Incidencia acumulada para o concello: ≤10
17-12-2021;34122727044;PASTORIZA (A);5;Incidencia acumulada para o concello: >50 e ≤150;5;Incidencia acumulada para o concello: >25 e ≤75
17-12-2021;34122727045;PEDRAFITA DO CEBREIRO;5;Incidencia acumulada para o concello: >500;5;Incidencia acumulada para o concello: >250
17-12-2021;34122727046;POL;5;Incidencia acumulada para o concello: >50 e ≤150;5;Incidencia acumulada para o concello: >25 e ≤75
17-12-2021;34122727047;POBRA DO BROLLON (A);5;Incidencia acumulada para o concello: >150 e ≤250;5;Incidencia acumulada para o concello: >25 e ≤75
17-12-2021;34122727048;PONTENOVA (A);5;Incidencia acumulada para o concello: >150 e ≤250;0;Incidencia acumulada para o concello: ≤10
17-12-2021;34122727049;PORTOMARIN;5;Incidencia acumulada para o concello: >50 e ≤150;5;Incidencia acumulada para o concello: >125 e ≤250
17-12-2021;34122727050;QUIROGA;Número de novos casos diagnosticados no concello: 12;Incidencia acumulada para o concello: >250 e ≤500;5;Incidencia acumulada para o concello: >125 e ≤250
17-12-2021;34122727051;RIBADEO;Número de novos casos diagnosticados no concello: 13;Incidencia acumulada para o concello: >50 e ≤150;5;Incidencia acumulada para o concello: >75 e ≤125
17-12-2021;34122727052;RIBAS DE SIL;5;Incidencia acumulada para o concello: >500;5;Incidencia acumulada para o concello: >250
17-12-2021;34122727053;RIBEIRA DE PIQUIN;5;Incidencia acumulada para o concello: >250 e ≤500;5;Incidencia acumulada para o concello: >250
17-12-2021;34122727054;RIOTORTO;0;Incidencia acumulada para o concello: ≤25;0;Incidencia acumulada para o concello: ≤10
17-12-2021;34122727055;SAMOS;5;Incidencia acumulada para o concello: >150 e ≤250;5;Incidencia acumulada para o concello: >125 e ≤250
17-12-2021;34122727056;RABADE;5;Incidencia acumulada para o concello: >150 e ≤250;5;Incidencia acumulada para o concello: >25 e ≤75
17-12-2021;34122727057;SARRIA;Número de novos casos diagnosticados no concello: 22;Incidencia acumulada para o concello: >150 e ≤250;Número de novos casos diagnosticados no concello: 10;Incidencia acumulada para o concello: >25 e ≤75
17-12-2021;34122727058;SAVIÑAO (O);Número de novos casos diagnosticados no concello: 41;Incidencia acumulada para o concello: >500;Número de novos casos diagnosticados no concello: 15;Incidencia acumulada para o concello: >250
17-12-2021;34122727059;SOBER;5;Incidencia acumulada para o concello: >150 e ≤250;5;Incidencia acumulada para o concello: >125 e ≤250
17-12-2021;34122727060;TABOADA;Número de novos casos diagnosticados no concello: 20;Incidencia acumulada para o concello: >500;Número de novos casos diagnosticados no concello: 10;Incidencia acumulada para o concello: >250
17-12-2021;34122727061;TRABADA;5;Incidencia acumulada para o concello: >50 e ≤150;5;Incidencia acumulada para o concello: >75 e ≤125
17-12-2021;34122727062;TRIACASTELA;0;Incidencia acumulada para o concello: ≤25;0;Incidencia acumulada para o concello: ≤10
17-12-2021;34122727063;VALADOURO (O);5;Incidencia acumulada para o concello: >150 e ≤250;0;Incidencia acumulada para o concello: ≤10
17-12-2021;34122727064;VICEDO (O);5;Incidencia acumulada para o concello: >50 e ≤150;5;Incidencia acumulada para o concello: >25 e ≤75
17-12-2021;34122727065;VILALBA;Número de novos casos diagnosticados no concello: 34;Incidencia acumulada para o concello: >150 e ≤250;5;Incidencia acumulada para o concello: >25 e ≤75
17-12-2021;34122727066;VIVEIRO;Número de novos casos diagnosticados no concello: 11;Incidencia acumulada para o concello: >50 e ≤150;Número de novos casos diagnosticados no concello: 10;Incidencia acumulada para o concello: >25 e ≤75
17-12-2021;34122727901;BARALLA;5;Incidencia acumulada para o concello: >50 e ≤150;5;Incidencia acumulada para o concello: >25 e ≤75
17-12-2021;34122727902;BURELA;5;Incidencia acumulada para o concello: >50 e ≤150;5;Incidencia acumulada para o concello: >25 e ≤75
17-12-2021;34123232001;ALLARIZ;Número de novos casos diagnosticados no concello: 43;Incidencia acumulada para o concello: >500;Número de novos casos diagnosticados no concello: 33;Incidencia acumulada para o concello: >250
17-12-2021;34123232002;AMOEIRO;Número de novos casos diagnosticados no concello: 12;Incidencia acumulada para o concello: >500;5;Incidencia acumulada para o concello: >250
17-12-2021;34123232003;ARNOIA;5;Incidencia acumulada para o concello: >50 e ≤150;5;Incidencia acumulada para o concello: >75 e ≤125
17-12-2021;34123232004;AVION;5;Incidencia acumulada para o concello: >150 e ≤250;5;Incidencia acumulada para o concello: >125 e ≤250
17-12-2021;34123232005;BALTAR;5;Incidencia acumulada para o concello: >50 e ≤150;5;Incidencia acumulada para o concello: >75 e ≤125
17-12-2021;34123232006;BANDE;5;Incidencia acumulada para o concello: >50 e ≤150;5;Incidencia acumulada para o concello: >25 e ≤75
17-12-2021;34123232007;BAÑOS DE MOLGAS;Número de novos casos diagnosticados no concello: 33;Incidencia acumulada para o concello: >500;5;Incidencia acumulada para o concello: >250
17-12-2021;34123232008;BARBADAS;Número de novos casos diagnosticados no concello: 114;Incidencia acumulada para o concello: >500;Número de novos casos diagnosticados no concello: 36;Incidencia acumulada para o concello: >250
17-12-2021;34123232009;BARCO DE VALDEORRAS (O);Número de novos casos diagnosticados no concello: 85;Incidencia acumulada para o concello: >500;Número de novos casos diagnosticados no concello: 66;Incidencia acumulada para o concello: >250
17-12-2021;34123232010;BEADE;5;Incidencia acumulada para o concello: >250 e ≤500;0;Incidencia acumulada para o concello: ≤10
17-12-2021;34123232011;BEARIZ;5;Incidencia acumulada para o concello: >500;5;Incidencia acumulada para o concello: >125 e ≤250
17-12-2021;34123232012;BLANCOS (OS);5;Incidencia acumulada para o concello: >50 e ≤150;5;Incidencia acumulada para o concello: >125 e ≤250
17-12-2021;34123232013;BOBORAS;5;Incidencia acumulada para o concello: >250 e ≤500;5;Incidencia acumulada para o concello: >125 e ≤250
17-12-2021;34123232014;BOLA A;5;Incidencia acumulada para o concello: >150 e ≤250;5;Incidencia acumulada para o concello: >125 e ≤250
17-12-2021;34123232015;BOLO (O);Número de novos casos diagnosticados no concello: 11;Incidencia acumulada para o concello: >500;5;Incidencia acumulada para o concello: >250
17-12-2021;34123232016;CALVOS DE RANDIN;5;Incidencia acumulada para o concello: >50 e ≤150;0;Incidencia acumulada para o concello: ≤10
17-12-2021;34123232017;CARBALLEDA DE VALDEORRAS;5;Incidencia acumulada para o concello: >150 e ≤250;5;Incidencia acumulada para o concello: >25 e ≤75
17-12-2021;34123232018;CARBALLEDA DE AVIA;Número de novos casos diagnosticados no concello: 26;Incidencia acumulada para o concello: >500;Número de novos casos diagnosticados no concello: 14;Incidencia acumulada para o concello: >250
17-12-2021;34123232019;CARBALLIÑO (O);Número de novos casos diagnosticados no concello: 83;Incidencia acumulada para o concello: >500;Número de novos casos diagnosticados no concello: 37;Incidencia acumulada para o concello: >250
17-12-2021;34123232020;CARTELLE;Número de novos casos diagnosticados no concello: 18;Incidencia acumulada para o concello: >500;5;Incidencia acumulada para o concello: >250
17-12-2021;34123232021;CASTRELO DO VAL;5;Incidencia acumulada para o concello: >500;5;Incidencia acumulada para o concello: >125 e ≤250
17-12-2021;34123232022;CASTRELO DE MIÑO;5;Incidencia acumulada para o concello: >250 e ≤500;5;Incidencia acumulada para o concello: >125 e ≤250
17-12-2021;34123232023;CASTRO CALDELAS;Número de novos casos diagnosticados no concello: 17;Incidencia acumulada para o concello: >500;5;Incidencia acumulada para o concello: >250
17-12-2021;34123232024;CELANOVA;Número de novos casos diagnosticados no concello: 27;Incidencia acumulada para o concello: >250 e ≤500;Número de novos casos diagnosticados no concello: 14;Incidencia acumulada para o concello: >125 e ≤250
17-12-2021;34123232025;CENLLE;5;Incidencia acumulada para o concello: >500;5;Incidencia acumulada para o concello: >250
17-12-2021;34123232026;COLES;Número de novos casos diagnosticados no concello: 21;Incidencia acumulada para o concello: >500;5;Incidencia acumulada para o concello: >125 e ≤250
17-12-2021;34123232027;CORTEGADA;5;Incidencia acumulada para o concello: >250 e ≤500;5;Incidencia acumulada para o concello: >250
17-12-2021;34123232028;CUALEDRO;5;Incidencia acumulada para o concello: >50 e ≤150;5;Incidencia acumulada para o concello: >25 e ≤75
17-12-2021;34123232029;CHANDREXA DE QUEIXA;5;Incidencia acumulada para o concello: >500;5;Incidencia acumulada para o concello: >250
17-12-2021;34123232030;ENTRIMO;5;Incidencia acumulada para o concello: >150 e ≤250;5;Incidencia acumulada para o concello: >75 e ≤125
17-12-2021;34123232031;ESGOS;5;Incidencia acumulada para o concello: >250 e ≤500;5;Incidencia acumulada para o concello: >75 e ≤125
17-12-2021;34123232032;XINZO DE LIMIA;Número de novos casos diagnosticados no concello: 55;Incidencia acumulada para o concello: >500;Número de novos casos diagnosticados no concello: 23;Incidencia acumulada para o concello: >125 e ≤250
17-12-2021;34123232033;GOMESENDE;0;Incidencia acumulada para o concello: ≤25;0;Incidencia acumulada para o concello: ≤10
17-12-2021;34123232034;GUDIÑA (A);5;Incidencia acumulada para o concello: >150 e ≤250;0;Incidencia acumulada para o concello: ≤10
17-12-2021;34123232035;IRIXO (O);5;Incidencia acumulada para o concello: >50 e ≤150;0;Incidencia acumulada para o concello: ≤10
17-12-2021;34123232036;XUNQUEIRA DE AMBIA;Número de novos casos diagnosticados no concello: 10;Incidencia acumulada para o concello: >500;5;Incidencia acumulada para o concello: >250
17-12-2021;34123232037;XUNQUEIRA DE ESPADANEDO;5;Incidencia acumulada para o concello: >500;5;Incidencia acumulada para o concello: >250
17-12-2021;34123232038;LAROUCO;Número de novos casos diagnosticados no concello: 10;Incidencia acumulada para o concello: >500;5;Incidencia acumulada para o concello: >250
17-12-2021;34123232039;LAZA;5;Incidencia acumulada para o concello: >150 e ≤250;5;Incidencia acumulada para o concello: >75 e ≤125
17-12-2021;34123232040;LEIRO;5;Incidencia acumulada para o concello: >500;5;Incidencia acumulada para o concello: >250
17-12-2021;34123232041;LOBEIRA;5;Incidencia acumulada para o concello: >500;5;Incidencia acumulada para o concello: >250
17-12-2021;34123232042;LOBIOS;0;Incidencia acumulada para o concello: ≤25;0;Incidencia acumulada para o concello: ≤10
17-12-2021;34123232043;MACEDA;Número de novos casos diagnosticados no concello: 16;Incidencia acumulada para o concello: >500;5;Incidencia acumulada para o concello: >250
17-12-2021;34123232044;MANZANEDA;5;Incidencia acumulada para o concello: >250 e ≤500;0;Incidencia acumulada para o concello: ≤10
17-12-2021;34123232045;MASIDE;Número de novos casos diagnosticados no concello: 23;Incidencia acumulada para o concello: >500;Número de novos casos diagnosticados no concello: 11;Incidencia acumulada para o concello: >250
17-12-2021;34123232046;MELON;Número de novos casos diagnosticados no concello: 12;Incidencia acumulada para o concello: >500;5;Incidencia acumulada para o concello: >250
17-12-2021;34123232047;MERCA A;Número de novos casos diagnosticados no concello: 11;Incidencia acumulada para o concello: >500;5;Incidencia acumulada para o concello: >75 e ≤125
17-12-2021;34123232048;MEZQUITA (A);5;Incidencia acumulada para o concello: >500;5;Incidencia acumulada para o concello: >125 e ≤250
17-12-2021;34123232049;MONTEDERRAMO;5;Incidencia acumulada para o concello: >250 e ≤500;5;Incidencia acumulada para o concello: >125 e ≤250
17-12-2021;34123232050;MONTERREI;Número de novos casos diagnosticados no concello: 10;Incidencia acumulada para o concello: >250 e ≤500;5;Incidencia acumulada para o concello: >250
17-12-2021;34123232051;MUIÑOS;5;Incidencia acumulada para o concello: >500;5;Incidencia acumulada para o concello: >125 e ≤250
17-12-2021;34123232052;NOGUEIRA DE RAMUIN;5;Incidencia acumulada para o concello: >250 e ≤500;5;Incidencia acumulada para o concello: >75 e ≤125
17-12-2021;34123232053;OIMBRA;5;Incidencia acumulada para o concello: >50 e ≤150;5;Incidencia acumulada para o concello: >25 e ≤75
17-12-2021;34123232054;OURENSE;Número de novos casos diagnosticados no concello: 1.274;Incidencia acumulada para o concello: >500;Número de novos casos diagnosticados no concello: 580;Incidencia acumulada para o concello: >250
17-12-2021;34123232055;PADERNE DE ALLARIZ;Número de novos casos diagnosticados no concello: 21;Incidencia acumulada para o concello: >500;5;Incidencia acumulada para o concello: >250
17-12-2021;34123232056;PADRENDA;5;Incidencia acumulada para o concello: >500;5;Incidencia acumulada para o concello: >250
17-12-2021;34123232057;PARADA DE SIL;0;Incidencia acumulada para o concello: ≤25;0;Incidencia acumulada para o concello: ≤10
17-12-2021;34123232058;PEREIRO DE AGUIAR;Número de novos casos diagnosticados no concello: 31;Incidencia acumulada para o concello: >250 e ≤500;Número de novos casos diagnosticados no concello: 20;Incidencia acumulada para o concello: >250
17-12-2021;34123232059;PEROXA A;Número de novos casos diagnosticados no concello: 11;Incidencia acumulada para o concello: >500;5;Incidencia acumulada para o concello: >75 e ≤125
17-12-2021;34123232060;PETIN;5;Incidencia acumulada para o concello: >500;5;Incidencia acumulada para o concello: >250
17-12-2021;34123232061;PIÑOR;0;Incidencia acumulada para o concello: ≤25;0;Incidencia acumulada para o concello: ≤10
17-12-2021;34123232062;PORQUEIRA;5;Incidencia acumulada para o concello: >50 e ≤150;0;Incidencia acumulada para o concello: ≤10
17-12-2021;34123232063;POBRA DE TRIVES A;Número de novos casos diagnosticados no concello: 18;Incidencia acumulada para o concello: >500;5;Incidencia acumulada para o concello: >250
17-12-2021;34123232064;PONTEDEVA;0;Incidencia acumulada para o concello: ≤25;0;Incidencia acumulada para o concello: ≤10
17-12-2021;34123232065;PUNXIN;5;Incidencia acumulada para o concello: >500;5;Incidencia acumulada para o concello: >250
17-12-2021;34123232066;QUINTELA DE LEIRADO;0;Incidencia acumulada para o concello: ≤25;0;Incidencia acumulada para o concello: ≤10
17-12-2021;34123232067;RAIRIZ DE VEIGA;5;Incidencia acumulada para o concello: >250 e ≤500;5;Incidencia acumulada para o concello: >250
17-12-2021;34123232068;RAMIRAS;Número de novos casos diagnosticados no concello: 11;Incidencia acumulada para o concello: >500;5;Incidencia acumulada para o concello: >25 e ≤75
17-12-2021;34123232069;RIBADAVIA;Número de novos casos diagnosticados no concello: 47;Incidencia acumulada para o concello: >500;Número de novos casos diagnosticados no concello: 21;Incidencia acumulada para o concello: >250
17-12-2021;34123232070;SAN XOAN DE RIO;5;Incidencia acumulada para o concello: >500;0;Incidencia acumulada para o concello: ≤10
17-12-2021;34123232071;RIOS;5;Incidencia acumulada para o concello: >250 e ≤500;5;Incidencia acumulada para o concello: >25 e ≤75
17-12-2021;34123232072;RUA (A);Número de novos casos diagnosticados no concello: 79;Incidencia acumulada para o concello: >500;Número de novos casos diagnosticados no concello: 48;Incidencia acumulada para o concello: >250
17-12-2021;34123232073;RUBIA;5;Incidencia acumulada para o concello: >150 e ≤250;5;Incidencia acumulada para o concello: >125 e ≤250
17-12-2021;34123232074;SAN AMARO;5;Incidencia acumulada para o concello: >250 e ≤500;5;Incidencia acumulada para o concello: >250
17-12-2021;34123232075;SAN CIBRAO DAS VIÑAS;Número de novos casos diagnosticados no concello: 43;Incidencia acumulada para o concello: >500;Número de novos casos diagnosticados no concello: 16;Incidencia acumulada para o concello: >250
17-12-2021;34123232076;SAN CRISTOVO DE CEA;5;Incidencia acumulada para o concello: >250 e ≤500;5;Incidencia acumulada para o concello: >25 e ≤75
17-12-2021;34123232077;SANDIAS;5;Incidencia acumulada para o concello: >500;5;Incidencia acumulada para o concello: >75 e ≤125
17-12-2021;34123232078;SARREAUS;5;Incidencia acumulada para o concello: >500;5;Incidencia acumulada para o concello: >250
17-12-2021;34123232079;TABOADELA;Número de novos casos diagnosticados no concello: 13;Incidencia acumulada para o concello: >500;5;Incidencia acumulada para o concello: >125 e ≤250
17-12-2021;34123232080;TEIXEIRA A;5;Incidencia acumulada para o concello: >500;5;Incidencia acumulada para o concello: >250
17-12-2021;34123232081;TOEN;Número de novos casos diagnosticados no concello: 10;Incidencia acumulada para o concello: >250 e ≤500;5;Incidencia acumulada para o concello: >250
17-12-2021;34123232082;TRASMIRAS;5;Incidencia acumulada para o concello: >150 e ≤250;0;Incidencia acumulada para o concello: ≤10
17-12-2021;34123232083;VEIGA (A);Número de novos casos diagnosticados no concello: 12;Incidencia acumulada para o concello: >500;5;Incidencia acumulada para o concello: >125 e ≤250
17-12-2021;34123232084;VEREA;5;Incidencia acumulada para o concello: >250 e ≤500;5;Incidencia acumulada para o concello: >125 e ≤250
17-12-2021;34123232085;VERIN;Número de novos casos diagnosticados no concello: 121;Incidencia acumulada para o concello: >500;Número de novos casos diagnosticados no concello: 77;Incidencia acumulada para o concello: >250
17-12-2021;34123232086;VIANA DO BOLO;Número de novos casos diagnosticados no concello: 10;Incidencia acumulada para o concello: >250 e ≤500;5;Incidencia acumulada para o concello: >125 e ≤250
17-12-2021;34123232087;VILAMARIN;Número de novos casos diagnosticados no concello: 24;Incidencia acumulada para o concello: >500;5;Incidencia acumulada para o concello: >125 e ≤250
17-12-2021;34123232088;VILAMARTIN DE VALDEORRAS;Número de novos casos diagnosticados no concello: 14;Incidencia acumulada para o concello: >500;Número de novos casos diagnosticados no concello: 11;Incidencia acumulada para o concello: >250
17-12-2021;34123232089;VILAR DE BARRIO;5;Incidencia acumulada para o concello: >50 e ≤150;0;Incidencia acumulada para o concello: ≤10
17-12-2021;34123232090;VILAR DE SANTOS;5;Incidencia acumulada para o concello: >250 e ≤500;0;Incidencia acumulada para o concello: ≤10
17-12-2021;34123232091;VILARDEVOS;Número de novos casos diagnosticados no concello: 16;Incidencia acumulada para o concello: >500;5;Incidencia acumulada para o concello: >250
17-12-2021;34123232092;VILARIÑO DE CONSO;0;Incidencia acumulada para o concello: ≤25;0;Incidencia acumulada para o concello: ≤10
17-12-2021;34123636001;ARBO;Número de novos casos diagnosticados no concello: 18;Incidencia acumulada para o concello: >500;5;Incidencia acumulada para o concello: >250
17-12-2021;34123636002;BARRO;Número de novos casos diagnosticados no concello: 13;Incidencia acumulada para o concello: >250 e ≤500;5;Incidencia acumulada para o concello: >125 e ≤250
17-12-2021;34123636003;BAIONA;Número de novos casos diagnosticados no concello: 98;Incidencia acumulada para o concello: >500;Número de novos casos diagnosticados no concello: 56;Incidencia acumulada para o concello: >250
17-12-2021;34123636004;BUEU;Número de novos casos diagnosticados no concello: 150;Incidencia acumulada para o concello: >500;Número de novos casos diagnosticados no concello: 69;Incidencia acumulada para o concello: >250
17-12-2021;34123636005;CALDAS DE REIS;Número de novos casos diagnosticados no concello: 54;Incidencia acumulada para o concello: >500;Número de novos casos diagnosticados no concello: 35;Incidencia acumulada para o concello: >250
17-12-2021;34123636006;CAMBADOS;Número de novos casos diagnosticados no concello: 102;Incidencia acumulada para o concello: >500;Número de novos casos diagnosticados no concello: 59;Incidencia acumulada para o concello: >250
17-12-2021;34123636007;CAMPO LAMEIRO;Número de novos casos diagnosticados no concello: 14;Incidencia acumulada para o concello: >500;Número de novos casos diagnosticados no concello: 10;Incidencia acumulada para o concello: >250
17-12-2021;34123636008;CANGAS;Número de novos casos diagnosticados no concello: 200;Incidencia acumulada para o concello: >500;Número de novos casos diagnosticados no concello: 106;Incidencia acumulada para o concello: >250
17-12-2021;34123636009;CAÑIZA (A);Número de novos casos diagnosticados no concello: 28;Incidencia acumulada para o concello: >500;Número de novos casos diagnosticados no concello: 21;Incidencia acumulada para o concello: >250
17-12-2021;34123636010;CATOIRA;5;Incidencia acumulada para o concello: >250 e ≤500;5;Incidencia acumulada para o concello: >125 e ≤250
17-12-2021;34123636013;COVELO (O);Número de novos casos diagnosticados no concello: 14;Incidencia acumulada para o concello: >500;5;Incidencia acumulada para o concello: >250
17-12-2021;34123636014;CRECENTE;Número de novos casos diagnosticados no concello: 14;Incidencia acumulada para o concello: >500;Número de novos casos diagnosticados no concello: 11;Incidencia acumulada para o concello: >250
17-12-2021;34123636015;CUNTIS;Número de novos casos diagnosticados no concello: 23;Incidencia acumulada para o concello: >250 e ≤500;Número de novos casos diagnosticados no concello: 15;Incidencia acumulada para o concello: >250
17-12-2021;34123636016;DOZON;5;Incidencia acumulada para o concello: >250 e ≤500;5;Incidencia acumulada para o concello: >75 e ≤125
17-12-2021;34123636017;ESTRADA A;Número de novos casos diagnosticados no concello: 52;Incidencia acumulada para o concello: >250 e ≤500;Número de novos casos diagnosticados no concello: 34;Incidencia acumulada para o concello: >125 e ≤250
17-12-2021;34123636018;FORCAREI;5;Incidencia acumulada para o concello: >150 e ≤250;5;Incidencia acumulada para o concello: >125 e ≤250
17-12-2021;34123636019;FORNELOS DE MONTES;5;Incidencia acumulada para o concello: >250 e ≤500;5;Incidencia acumulada para o concello: >250
17-12-2021;34123636020;AGOLADA;5;Incidencia acumulada para o concello: >150 e ≤250;5;Incidencia acumulada para o concello: >125 e ≤250
17-12-2021;34123636021;GONDOMAR;Número de novos casos diagnosticados no concello: 102;Incidencia acumulada para o concello: >500;Número de novos casos diagnosticados no concello: 57;Incidencia acumulada para o concello: >250
17-12-2021;34123636022;GROVE O;Número de novos casos diagnosticados no concello: 35;Incidencia acumulada para o concello: >250 e ≤500;Número de novos casos diagnosticados no concello: 18;Incidencia acumulada para o concello: >125 e ≤250
17-12-2021;34123636023;GUARDA (A);Número de novos casos diagnosticados no concello: 60;Incidencia acumulada para o concello: >500;Número de novos casos diagnosticados no concello: 26;Incidencia acumulada para o concello: >250
17-12-2021;34123636024;LALIN;Número de novos casos diagnosticados no concello: 63;Incidencia acumulada para o concello: >250 e ≤500;Número de novos casos diagnosticados no concello: 49;Incidencia acumulada para o concello: >125 e ≤250
17-12-2021;34123636025;LAMA A;5;Incidencia acumulada para o concello: >150 e ≤250;5;Incidencia acumulada para o concello: >125 e ≤250
17-12-2021;34123636026;MARIN;Número de novos casos diagnosticados no concello: 172;Incidencia acumulada para o concello: >500;Número de novos casos diagnosticados no concello: 74;Incidencia acumulada para o concello: >250
17-12-2021;34123636027;MEAÑO;Número de novos casos diagnosticados no concello: 25;Incidencia acumulada para o concello: >250 e ≤500;Número de novos casos diagnosticados no concello: 17;Incidencia acumulada para o concello: >250
17-12-2021;34123636028;MEIS;Número de novos casos diagnosticados no concello: 16;Incidencia acumulada para o concello: >250 e ≤500;Número de novos casos diagnosticados no concello: 10;Incidencia acumulada para o concello: >125 e ≤250
17-12-2021;34123636029;MOAÑA;Número de novos casos diagnosticados no concello: 269;Incidencia acumulada para o concello: >500;Número de novos casos diagnosticados no concello: 122;Incidencia acumulada para o concello: >250
17-12-2021;34123636030;MONDARIZ;Número de novos casos diagnosticados no concello: 30;Incidencia acumulada para o concello: >500;Número de novos casos diagnosticados no concello: 16;Incidencia acumulada para o concello: >250
17-12-2021;34123636031;MONDARIZ-BALNEARIO;5;Incidencia acumulada para o concello: >250 e ≤500;5;Incidencia acumulada para o concello: >125 e ≤250
17-12-2021;34123636032;MORAÑA;Número de novos casos diagnosticados no concello: 21;Incidencia acumulada para o concello: >500;5;Incidencia acumulada para o concello: >125 e ≤250
17-12-2021;34123636033;MOS;Número de novos casos diagnosticados no concello: 111;Incidencia acumulada para o concello: >500;Número de novos casos diagnosticados no concello: 55;Incidencia acumulada para o concello: >250
17-12-2021;34123636034;NEVES (AS);Número de novos casos diagnosticados no concello: 14;Incidencia acumulada para o concello: >250 e ≤500;5;Incidencia acumulada para o concello: >75 e ≤125
17-12-2021;34123636035;NIGRAN;Número de novos casos diagnosticados no concello: 105;Incidencia acumulada para o concello: >500;Número de novos casos diagnosticados no concello: 69;Incidencia acumulada para o concello: >250
17-12-2021;34123636036;OIA;Número de novos casos diagnosticados no concello: 25;Incidencia acumulada para o concello: >500;Número de novos casos diagnosticados no concello: 15;Incidencia acumulada para o concello: >250
17-12-2021;34123636037;PAZOS DE BORBEN;Número de novos casos diagnosticados no concello: 33;Incidencia acumulada para o concello: >500;Número de novos casos diagnosticados no concello: 19;Incidencia acumulada para o concello: >250
17-12-2021;34123636038;PONTEVEDRA;Número de novos casos diagnosticados no concello: 797;Incidencia acumulada para o concello: >500;Número de novos casos diagnosticados no concello: 438;Incidencia acumulada para o concello: >250
17-12-2021;34123636039;PORRIÑO (O);Número de novos casos diagnosticados no concello: 275;Incidencia acumulada para o concello: >500;Número de novos casos diagnosticados no concello: 146;Incidencia acumulada para o concello: >250
17-12-2021;34123636040;PORTAS;5;Incidencia acumulada para o concello: >250 e ≤500;5;Incidencia acumulada para o concello: >25 e ≤75
17-12-2021;34123636041;POIO;Número de novos casos diagnosticados no concello: 105;Incidencia acumulada para o concello: >500;Número de novos casos diagnosticados no concello: 76;Incidencia acumulada para o concello: >250
17-12-2021;34123636042;PONTEAREAS;Número de novos casos diagnosticados no concello: 199;Incidencia acumulada para o concello: >500;Número de novos casos diagnosticados no concello: 105;Incidencia acumulada para o concello: >250
17-12-2021;34123636043;PONTE-CALDELAS;Número de novos casos diagnosticados no concello: 45;Incidencia acumulada para o concello: >500;Número de novos casos diagnosticados no concello: 24;Incidencia acumulada para o concello: >250
17-12-2021;34123636044;PONTECESURES;5;Incidencia acumulada para o concello: >150 e ≤250;5;Incidencia acumulada para o concello: >125 e ≤250
17-12-2021;34123636045;REDONDELA;Número de novos casos diagnosticados no concello: 351;Incidencia acumulada para o concello: >500;Número de novos casos diagnosticados no concello: 177;Incidencia acumulada para o concello: >250
17-12-2021;34123636046;RIBADUMIA;Número de novos casos diagnosticados no concello: 13;Incidencia acumulada para o concello: >250 e ≤500;5;Incidencia acumulada para o concello: >125 e ≤250
17-12-2021;34123636047;RODEIRO;5;Incidencia acumulada para o concello: >250 e ≤500;5;Incidencia acumulada para o concello: >125 e ≤250
17-12-2021;34123636048;ROSAL (O);Número de novos casos diagnosticados no concello: 34;Incidencia acumulada para o concello: >500;Número de novos casos diagnosticados no concello: 23;Incidencia acumulada para o concello: >250
17-12-2021;34123636049;SALCEDA DE CASELAS;Número de novos casos diagnosticados no concello: 90;Incidencia acumulada para o concello: >500;Número de novos casos diagnosticados no concello: 42;Incidencia acumulada para o concello: >250
17-12-2021;34123636050;SALVATERRA DE MIÑO;Número de novos casos diagnosticados no concello: 89;Incidencia acumulada para o concello: >500;Número de novos casos diagnosticados no concello: 42;Incidencia acumulada para o concello: >250
17-12-2021;34123636051;SANXENXO;Número de novos casos diagnosticados no concello: 53;Incidencia acumulada para o concello: >250 e ≤500;Número de novos casos diagnosticados no concello: 28;Incidencia acumulada para o concello: >125 e ≤250
17-12-2021;34123636052;SILLEDA;Número de novos casos diagnosticados no concello: 20;Incidencia acumulada para o concello: >150 e ≤250;Número de novos casos diagnosticados no concello: 12;Incidencia acumulada para o concello: >125 e ≤250
17-12-2021;34123636053;SOUTOMAIOR;Número de novos casos diagnosticados no concello: 78;Incidencia acumulada para o concello: >500;Número de novos casos diagnosticados no concello: 37;Incidencia acumulada para o concello: >250
17-12-2021;34123636054;TOMIÑO;Número de novos casos diagnosticados no concello: 68;Incidencia acumulada para o concello: >500;Número de novos casos diagnosticados no concello: 40;Incidencia acumulada para o concello: >250
17-12-2021;34123636055;TUI;Número de novos casos diagnosticados no concello: 135;Incidencia acumulada para o concello: >500;Número de novos casos diagnosticados no concello: 56;Incidencia acumulada para o concello: >250
17-12-2021;34123636056;VALGA;Número de novos casos diagnosticados no concello: 12;Incidencia acumulada para o concello: >150 e ≤250;5;Incidencia acumulada para o concello: >125 e ≤250
17-12-2021;34123636057;VIGO;Número de novos casos diagnosticados no concello: 2.205;Incidencia acumulada para o concello: >500;Número de novos casos diagnosticados no concello: 1.211;Incidencia acumulada para o concello: >250
17-12-2021;34123636058;VILABOA;Número de novos casos diagnosticados no concello: 67;Incidencia acumulada para o concello: >500;Número de novos casos diagnosticados no concello: 40;Incidencia acumulada para o concello: >250
17-12-2021;34123636059;VILA DE CRUCES;Número de novos casos diagnosticados no concello: 11;Incidencia acumulada para o concello: >150 e ≤250;5;Incidencia acumulada para o concello: >125 e ≤250
17-12-2021;34123636060;VILAGARCIA DE AROUSA;Número de novos casos diagnosticados no concello: 214;Incidencia acumulada para o concello: >500;Número de novos casos diagnosticados no concello: 99;Incidencia acumulada para o concello: >250
17-12-2021;34123636061;VILANOVA DE AROUSA;Número de novos casos diagnosticados no concello: 22;Incidencia acumulada para o concello: >150 e ≤250;5;Incidencia acumulada para o concello: >25 e ≤75
17-12-2021;34123636901;ILLA DE AROUSA;5;Incidencia acumulada para o concello: >150 e ≤250;5;Incidencia acumulada para o concello: >25 e ≤75
17-12-2021;34123636902;CERDEDO-COTOBADE;Número de novos casos diagnosticados no concello: 17;Incidencia acumulada para o concello: >250 e ≤500;5;Incidencia acumulada para o concello: >125 e ≤250
