Fecha,Area_Sanitaria,Personas_Infectadas 
2020-03-06,"A.S. VIGO","4"
2020-03-06,"GALICIA","4"
2020-03-08,"A.S. A CORUÑA E CEE","5"
2020-03-08,"GALICIA","5"
2020-03-09,"A.S. FERROL","1"
2020-03-09,"GALICIA","1"
2020-03-10,"A.S. PONTEVEDRA E O SALNÉS","1"
2020-03-10,"A.S. SANTIAGO E BARBANZA","1"
2020-03-10,"GALICIA","2"
2020-03-11,"A.S. A CORUÑA E CEE","19"
2020-03-11,"A.S. LUGO, A MARIÑA E MONFORTE","1"
2020-03-11,"A.S. PONTEVEDRA E O SALNÉS","2"
2020-03-11,"A.S. VIGO","4"
2020-03-11,"GALICIA","26"
2020-03-12,"A.S. A CORUÑA E CEE","1"
2020-03-12,"A.S. LUGO, A MARIÑA E MONFORTE","3"
2020-03-12,"A.S. PONTEVEDRA E O SALNÉS","4"
2020-03-12,"A.S. SANTIAGO E BARBANZA","1"
2020-03-12,"A.S. VIGO","3"
2020-03-12,"GALICIA","12"
2020-03-13,"A.S. A CORUÑA E CEE","30"
2020-03-13,"A.S. LUGO, A MARIÑA E MONFORTE","4"
2020-03-13,"A.S. OURENSE, VERÍN E O BARCO","4"
2020-03-13,"A.S. PONTEVEDRA E O SALNÉS","5"
2020-03-13,"A.S. SANTIAGO E BARBANZA","8"
2020-03-13,"A.S. VIGO","13"
2020-03-13,"GALICIA","64"
2020-03-14,"A.S. A CORUÑA E CEE","7"
2020-03-14,"A.S. LUGO, A MARIÑA E MONFORTE","1"
2020-03-14,"A.S. OURENSE, VERÍN E O BARCO","9"
2020-03-14,"A.S. PONTEVEDRA E O SALNÉS","4"
2020-03-14,"A.S. SANTIAGO E BARBANZA","10"
2020-03-14,"A.S. VIGO","14"
2020-03-14,"GALICIA","45"
2020-03-15,"A.S. A CORUÑA E CEE","16"
2020-03-15,"A.S. FERROL","1"
2020-03-15,"A.S. LUGO, A MARIÑA E MONFORTE","4"
2020-03-15,"A.S. OURENSE, VERÍN E O BARCO","10"
2020-03-15,"A.S. PONTEVEDRA E O SALNÉS","8"
2020-03-15,"A.S. SANTIAGO E BARBANZA","12"
2020-03-15,"A.S. VIGO","8"
2020-03-15,"GALICIA","59"
2020-03-16,"A.S. A CORUÑA E CEE","23"
2020-03-16,"A.S. FERROL","3"
2020-03-16,"A.S. LUGO, A MARIÑA E MONFORTE","15"
2020-03-16,"A.S. OURENSE, VERÍN E O BARCO","4"
2020-03-16,"A.S. PONTEVEDRA E O SALNÉS","9"
2020-03-16,"A.S. SANTIAGO E BARBANZA","13"
2020-03-16,"A.S. VIGO","7"
2020-03-16,"GALICIA","74"
2020-03-17,"A.S. A CORUÑA E CEE","37"
2020-03-17,"A.S. FERROL","5"
2020-03-17,"A.S. LUGO, A MARIÑA E MONFORTE","7"
2020-03-17,"A.S. OURENSE, VERÍN E O BARCO","10"
2020-03-17,"A.S. PONTEVEDRA E O SALNÉS","13"
2020-03-17,"A.S. SANTIAGO E BARBANZA","12"
2020-03-17,"A.S. VIGO","23"
2020-03-17,"GALICIA","107"
2020-03-18,"A.S. A CORUÑA E CEE","23"
2020-03-18,"A.S. FERROL","10"
2020-03-18,"A.S. LUGO, A MARIÑA E MONFORTE","12"
2020-03-18,"A.S. OURENSE, VERÍN E O BARCO","12"
2020-03-18,"A.S. PONTEVEDRA E O SALNÉS","26"
2020-03-18,"A.S. SANTIAGO E BARBANZA","28"
2020-03-18,"A.S. VIGO","41"
2020-03-18,"GALICIA","152"
2020-03-19,"A.S. A CORUÑA E CEE","31"
2020-03-19,"A.S. FERROL","4"
2020-03-19,"A.S. LUGO, A MARIÑA E MONFORTE","6"
2020-03-19,"A.S. OURENSE, VERÍN E O BARCO","13"
2020-03-19,"A.S. PONTEVEDRA E O SALNÉS","26"
2020-03-19,"A.S. SANTIAGO E BARBANZA","15"
2020-03-19,"A.S. VIGO","34"
2020-03-19,"GALICIA","129"
2020-03-20,"A.S. A CORUÑA E CEE","54"
2020-03-20,"A.S. FERROL","9"
2020-03-20,"A.S. LUGO, A MARIÑA E MONFORTE","7"
2020-03-20,"A.S. OURENSE, VERÍN E O BARCO","25"
2020-03-20,"A.S. PONTEVEDRA E O SALNÉS","26"
2020-03-20,"A.S. SANTIAGO E BARBANZA","19"
2020-03-20,"A.S. VIGO","38"
2020-03-20,"GALICIA","178"
2020-03-21,"A.S. A CORUÑA E CEE","41"
2020-03-21,"A.S. FERROL","7"
2020-03-21,"A.S. LUGO, A MARIÑA E MONFORTE","3"
2020-03-21,"A.S. OURENSE, VERÍN E O BARCO","36"
2020-03-21,"A.S. PONTEVEDRA E O SALNÉS","32"
2020-03-21,"A.S. SANTIAGO E BARBANZA","64"
2020-03-21,"A.S. VIGO","61"
2020-03-21,"GALICIA","244"
2020-03-22,"A.S. A CORUÑA E CEE","64"
2020-03-22,"A.S. FERROL","6"
2020-03-22,"A.S. LUGO, A MARIÑA E MONFORTE","3"
2020-03-22,"A.S. OURENSE, VERÍN E O BARCO","22"
2020-03-22,"A.S. PONTEVEDRA E O SALNÉS","12"
2020-03-22,"A.S. SANTIAGO E BARBANZA","19"
2020-03-22,"A.S. VIGO","41"
2020-03-22,"GALICIA","167"
2020-03-23,"A.S. A CORUÑA E CEE","54"
2020-03-23,"A.S. FERROL","3"
2020-03-23,"A.S. LUGO, A MARIÑA E MONFORTE","40"
2020-03-23,"A.S. OURENSE, VERÍN E O BARCO","36"
2020-03-23,"A.S. PONTEVEDRA E O SALNÉS","17"
2020-03-23,"A.S. SANTIAGO E BARBANZA","58"
2020-03-23,"A.S. VIGO","41"
2020-03-23,"GALICIA","249"
2020-03-24,"A.S. A CORUÑA E CEE","62"
2020-03-24,"A.S. FERROL","7"
2020-03-24,"A.S. LUGO, A MARIÑA E MONFORTE","22"
2020-03-24,"A.S. OURENSE, VERÍN E O BARCO","30"
2020-03-24,"A.S. PONTEVEDRA E O SALNÉS","29"
2020-03-24,"A.S. SANTIAGO E BARBANZA","35"
2020-03-24,"A.S. VIGO","78"
2020-03-24,"GALICIA","263"
2020-03-25,"A.S. A CORUÑA E CEE","95"
2020-03-25,"A.S. FERROL","8"
2020-03-25,"A.S. LUGO, A MARIÑA E MONFORTE","29"
2020-03-25,"A.S. OURENSE, VERÍN E O BARCO","66"
2020-03-25,"A.S. PONTEVEDRA E O SALNÉS","32"
2020-03-25,"A.S. SANTIAGO E BARBANZA","35"
2020-03-25,"A.S. VIGO","60"
2020-03-25,"GALICIA","325"
2020-03-26,"A.S. A CORUÑA E CEE","99"
2020-03-26,"A.S. FERROL","12"
2020-03-26,"A.S. LUGO, A MARIÑA E MONFORTE","67"
2020-03-26,"A.S. OURENSE, VERÍN E O BARCO","55"
2020-03-26,"A.S. PONTEVEDRA E O SALNÉS","32"
2020-03-26,"A.S. SANTIAGO E BARBANZA","110"
2020-03-26,"A.S. VIGO","82"
2020-03-26,"GALICIA","457"
2020-03-27,"A.S. A CORUÑA E CEE","110"
2020-03-27,"A.S. FERROL","59"
2020-03-27,"A.S. LUGO, A MARIÑA E MONFORTE","42"
2020-03-27,"A.S. OURENSE, VERÍN E O BARCO","68"
2020-03-27,"A.S. PONTEVEDRA E O SALNÉS","43"
2020-03-27,"A.S. SANTIAGO E BARBANZA","74"
2020-03-27,"A.S. VIGO","94"
2020-03-27,"GALICIA","490"
2020-03-28,"A.S. A CORUÑA E CEE","97"
2020-03-28,"A.S. FERROL","31"
2020-03-28,"A.S. LUGO, A MARIÑA E MONFORTE","2"
2020-03-28,"A.S. OURENSE, VERÍN E O BARCO","39"
2020-03-28,"A.S. PONTEVEDRA E O SALNÉS","27"
2020-03-28,"A.S. SANTIAGO E BARBANZA","42"
2020-03-28,"A.S. VIGO","96"
2020-03-28,"GALICIA","334"
2020-03-29,"A.S. A CORUÑA E CEE","39"
2020-03-29,"A.S. FERROL","15"
2020-03-29,"A.S. LUGO, A MARIÑA E MONFORTE","140"
2020-03-29,"A.S. OURENSE, VERÍN E O BARCO","89"
2020-03-29,"A.S. PONTEVEDRA E O SALNÉS","34"
2020-03-29,"A.S. SANTIAGO E BARBANZA","45"
2020-03-29,"A.S. VIGO","154"
2020-03-29,"GALICIA","516"
2020-03-30,"A.S. A CORUÑA E CEE","80"
2020-03-30,"A.S. FERROL","57"
2020-03-30,"A.S. LUGO, A MARIÑA E MONFORTE","61"
2020-03-30,"A.S. OURENSE, VERÍN E O BARCO","35"
2020-03-30,"A.S. PONTEVEDRA E O SALNÉS","10"
2020-03-30,"A.S. SANTIAGO E BARBANZA","33"
2020-03-30,"A.S. VIGO","59"
2020-03-30,"GALICIA","335"
2020-03-31,"A.S. A CORUÑA E CEE","106"
2020-03-31,"A.S. FERROL","19"
2020-03-31,"A.S. LUGO, A MARIÑA E MONFORTE","45"
2020-03-31,"A.S. OURENSE, VERÍN E O BARCO","103"
2020-03-31,"A.S. PONTEVEDRA E O SALNÉS","16"
2020-03-31,"A.S. SANTIAGO E BARBANZA","39"
2020-03-31,"A.S. VIGO","80"
2020-03-31,"GALICIA","408"
2020-04-01,"A.S. A CORUÑA E CEE","66"
2020-04-01,"A.S. FERROL","17"
2020-04-01,"A.S. LUGO, A MARIÑA E MONFORTE","37"
2020-04-01,"A.S. OURENSE, VERÍN E O BARCO","76"
2020-04-01,"A.S. PONTEVEDRA E O SALNÉS","29"
2020-04-01,"A.S. SANTIAGO E BARBANZA","46"
2020-04-01,"A.S. VIGO","45"
2020-04-01,"GALICIA","316"
2020-04-02,"A.S. A CORUÑA E CEE","44"
2020-04-02,"A.S. FERROL","22"
2020-04-02,"A.S. LUGO, A MARIÑA E MONFORTE","28"
2020-04-02,"A.S. OURENSE, VERÍN E O BARCO","186"
2020-04-02,"A.S. PONTEVEDRA E O SALNÉS","33"
2020-04-02,"A.S. SANTIAGO E BARBANZA","42"
2020-04-02,"A.S. VIGO","45"
2020-04-02,"GALICIA","400"
2020-04-03,"A.S. A CORUÑA E CEE","59"
2020-04-03,"A.S. FERROL","29"
2020-04-03,"A.S. LUGO, A MARIÑA E MONFORTE","23"
2020-04-03,"A.S. OURENSE, VERÍN E O BARCO","83"
2020-04-03,"A.S. PONTEVEDRA E O SALNÉS","25"
2020-04-03,"A.S. SANTIAGO E BARBANZA","60"
2020-04-03,"A.S. VIGO","33"
2020-04-03,"GALICIA","312"
2020-04-04,"A.S. A CORUÑA E CEE","41"
2020-04-04,"A.S. FERROL","14"
2020-04-04,"A.S. LUGO, A MARIÑA E MONFORTE","5"
2020-04-04,"A.S. OURENSE, VERÍN E O BARCO","66"
2020-04-04,"A.S. PONTEVEDRA E O SALNÉS","22"
2020-04-04,"A.S. SANTIAGO E BARBANZA","80"
2020-04-04,"A.S. VIGO","25"
2020-04-04,"GALICIA","253"
2020-04-05,"A.S. A CORUÑA E CEE","53"
2020-04-05,"A.S. FERROL","3"
2020-04-05,"A.S. LUGO, A MARIÑA E MONFORTE","14"
2020-04-05,"A.S. OURENSE, VERÍN E O BARCO","43"
2020-04-05,"A.S. PONTEVEDRA E O SALNÉS","14"
2020-04-05,"A.S. SANTIAGO E BARBANZA","40"
2020-04-05,"A.S. VIGO","29"
2020-04-05,"GALICIA","196"
2020-04-06,"A.S. A CORUÑA E CEE","78"
2020-04-06,"A.S. FERROL","11"
2020-04-06,"A.S. LUGO, A MARIÑA E MONFORTE","16"
2020-04-06,"A.S. OURENSE, VERÍN E O BARCO","16"
2020-04-06,"A.S. PONTEVEDRA E O SALNÉS","7"
2020-04-06,"A.S. SANTIAGO E BARBANZA","22"
2020-04-06,"A.S. VIGO","31"
2020-04-06,"GALICIA","181"
2020-04-07,"A.S. A CORUÑA E CEE","27"
2020-04-07,"A.S. FERROL","9"
2020-04-07,"A.S. LUGO, A MARIÑA E MONFORTE","15"
2020-04-07,"A.S. OURENSE, VERÍN E O BARCO","78"
2020-04-07,"A.S. PONTEVEDRA E O SALNÉS","5"
2020-04-07,"A.S. SANTIAGO E BARBANZA","61"
2020-04-07,"A.S. VIGO","28"
2020-04-07,"GALICIA","223"
2020-04-08,"A.S. A CORUÑA E CEE","48"
2020-04-08,"A.S. FERROL","10"
2020-04-08,"A.S. LUGO, A MARIÑA E MONFORTE","9"
2020-04-08,"A.S. OURENSE, VERÍN E O BARCO","38"
2020-04-08,"A.S. PONTEVEDRA E O SALNÉS","27"
2020-04-08,"A.S. SANTIAGO E BARBANZA","37"
2020-04-08,"A.S. VIGO","43"
2020-04-08,"GALICIA","212"
2020-04-09,"A.S. A CORUÑA E CEE","30"
2020-04-09,"A.S. FERROL","1"
2020-04-09,"A.S. LUGO, A MARIÑA E MONFORTE","12"
2020-04-09,"A.S. OURENSE, VERÍN E O BARCO","51"
2020-04-09,"A.S. PONTEVEDRA E O SALNÉS","18"
2020-04-09,"A.S. SANTIAGO E BARBANZA","25"
2020-04-09,"A.S. VIGO","39"
2020-04-09,"GALICIA","176"
2020-04-10,"A.S. A CORUÑA E CEE","48"
2020-04-10,"A.S. FERROL","7"
2020-04-10,"A.S. LUGO, A MARIÑA E MONFORTE","29"
2020-04-10,"A.S. OURENSE, VERÍN E O BARCO","72"
2020-04-10,"A.S. PONTEVEDRA E O SALNÉS","12"
2020-04-10,"A.S. SANTIAGO E BARBANZA","11"
2020-04-10,"A.S. VIGO","30"
2020-04-10,"GALICIA","209"
2020-04-11,"A.S. A CORUÑA E CEE","68"
2020-04-11,"A.S. FERROL","4"
2020-04-11,"A.S. LUGO, A MARIÑA E MONFORTE","4"
2020-04-11,"A.S. OURENSE, VERÍN E O BARCO","32"
2020-04-11,"A.S. PONTEVEDRA E O SALNÉS","13"
2020-04-11,"A.S. SANTIAGO E BARBANZA","12"
2020-04-11,"A.S. VIGO","27"
2020-04-11,"GALICIA","160"
2020-04-12,"A.S. A CORUÑA E CEE","32"
2020-04-12,"A.S. FERROL","13"
2020-04-12,"A.S. LUGO, A MARIÑA E MONFORTE","3"
2020-04-12,"A.S. OURENSE, VERÍN E O BARCO","42"
2020-04-12,"A.S. PONTEVEDRA E O SALNÉS","12"
2020-04-12,"A.S. SANTIAGO E BARBANZA","10"
2020-04-12,"A.S. VIGO","15"
2020-04-12,"GALICIA","127"
2020-04-13,"A.S. A CORUÑA E CEE","21"
2020-04-13,"A.S. FERROL","2"
2020-04-13,"A.S. LUGO, A MARIÑA E MONFORTE","3"
2020-04-13,"A.S. OURENSE, VERÍN E O BARCO","10"
2020-04-13,"A.S. PONTEVEDRA E O SALNÉS","6"
2020-04-13,"A.S. SANTIAGO E BARBANZA","20"
2020-04-13,"A.S. VIGO","26"
2020-04-13,"GALICIA","88"
2020-04-14,"A.S. A CORUÑA E CEE","34"
2020-04-14,"A.S. FERROL","3"
2020-04-14,"A.S. LUGO, A MARIÑA E MONFORTE","3"
2020-04-14,"A.S. OURENSE, VERÍN E O BARCO","15"
2020-04-14,"A.S. PONTEVEDRA E O SALNÉS","5"
2020-04-14,"A.S. SANTIAGO E BARBANZA","28"
2020-04-14,"A.S. VIGO","10"
2020-04-14,"GALICIA","98"
2020-04-15,"A.S. A CORUÑA E CEE","80"
2020-04-15,"A.S. FERROL","9"
2020-04-15,"A.S. LUGO, A MARIÑA E MONFORTE","6"
2020-04-15,"A.S. OURENSE, VERÍN E O BARCO","22"
2020-04-15,"A.S. PONTEVEDRA E O SALNÉS","11"
2020-04-15,"A.S. SANTIAGO E BARBANZA","18"
2020-04-15,"A.S. VIGO","24"
2020-04-15,"GALICIA","170"
2020-04-16,"A.S. A CORUÑA E CEE","41"
2020-04-16,"A.S. FERROL","5"
2020-04-16,"A.S. LUGO, A MARIÑA E MONFORTE","2"
2020-04-16,"A.S. OURENSE, VERÍN E O BARCO","28"
2020-04-16,"A.S. PONTEVEDRA E O SALNÉS","4"
2020-04-16,"A.S. SANTIAGO E BARBANZA","24"
2020-04-16,"A.S. VIGO","19"
2020-04-16,"GALICIA","123"
2020-04-17,"A.S. A CORUÑA E CEE","15"
2020-04-17,"A.S. FERROL","2"
2020-04-17,"A.S. LUGO, A MARIÑA E MONFORTE","5"
2020-04-17,"A.S. OURENSE, VERÍN E O BARCO","17"
2020-04-17,"A.S. PONTEVEDRA E O SALNÉS","6"
2020-04-17,"A.S. SANTIAGO E BARBANZA","12"
2020-04-17,"A.S. VIGO","14"
2020-04-17,"GALICIA","71"
2020-04-18,"A.S. A CORUÑA E CEE","26"
2020-04-18,"A.S. FERROL","1"
2020-04-18,"A.S. LUGO, A MARIÑA E MONFORTE","1"
2020-04-18,"A.S. OURENSE, VERÍN E O BARCO","30"
2020-04-18,"A.S. PONTEVEDRA E O SALNÉS","1"
2020-04-18,"A.S. SANTIAGO E BARBANZA","8"
2020-04-18,"A.S. VIGO","43"
2020-04-18,"GALICIA","110"
2020-04-19,"A.S. A CORUÑA E CEE","19"
2020-04-19,"A.S. FERROL","5"
2020-04-19,"A.S. LUGO, A MARIÑA E MONFORTE","13"
2020-04-19,"A.S. OURENSE, VERÍN E O BARCO","11"
2020-04-19,"A.S. PONTEVEDRA E O SALNÉS","5"
2020-04-19,"A.S. SANTIAGO E BARBANZA","25"
2020-04-19,"A.S. VIGO","28"
2020-04-19,"GALICIA","106"
2020-04-20,"A.S. A CORUÑA E CEE","15"
2020-04-20,"A.S. FERROL","5"
2020-04-20,"A.S. LUGO, A MARIÑA E MONFORTE","2"
2020-04-20,"A.S. OURENSE, VERÍN E O BARCO","9"
2020-04-20,"A.S. SANTIAGO E BARBANZA","12"
2020-04-20,"A.S. VIGO","22"
2020-04-20,"GALICIA","65"
2020-04-21,"A.S. A CORUÑA E CEE","18"
2020-04-21,"A.S. FERROL","2"
2020-04-21,"A.S. LUGO, A MARIÑA E MONFORTE","3"
2020-04-21,"A.S. OURENSE, VERÍN E O BARCO","15"
2020-04-21,"A.S. PONTEVEDRA E O SALNÉS","5"
2020-04-21,"A.S. SANTIAGO E BARBANZA","18"
2020-04-21,"A.S. VIGO","8"
2020-04-21,"GALICIA","69"
2020-04-22,"A.S. A CORUÑA E CEE","15"
2020-04-22,"A.S. FERROL","4"
2020-04-22,"A.S. LUGO, A MARIÑA E MONFORTE","5"
2020-04-22,"A.S. OURENSE, VERÍN E O BARCO","16"
2020-04-22,"A.S. PONTEVEDRA E O SALNÉS","6"
2020-04-22,"A.S. SANTIAGO E BARBANZA","12"
2020-04-22,"A.S. VIGO","3"
2020-04-22,"GALICIA","61"
2020-04-23,"A.S. A CORUÑA E CEE","16"
2020-04-23,"A.S. FERROL","2"
2020-04-23,"A.S. LUGO, A MARIÑA E MONFORTE","3"
2020-04-23,"A.S. OURENSE, VERÍN E O BARCO","11"
2020-04-23,"A.S. PONTEVEDRA E O SALNÉS","3"
2020-04-23,"A.S. SANTIAGO E BARBANZA","6"
2020-04-23,"A.S. VIGO","25"
2020-04-23,"GALICIA","66"
2020-04-24,"A.S. A CORUÑA E CEE","39"
2020-04-24,"A.S. FERROL","10"
2020-04-24,"A.S. OURENSE, VERÍN E O BARCO","14"
2020-04-24,"A.S. PONTEVEDRA E O SALNÉS","1"
2020-04-24,"A.S. SANTIAGO E BARBANZA","14"
2020-04-24,"A.S. VIGO","16"
2020-04-24,"GALICIA","94"
2020-04-25,"A.S. A CORUÑA E CEE","34"
2020-04-25,"A.S. FERROL","2"
2020-04-25,"A.S. OURENSE, VERÍN E O BARCO","11"
2020-04-25,"A.S. SANTIAGO E BARBANZA","8"
2020-04-25,"A.S. VIGO","4"
2020-04-25,"GALICIA","59"
2020-04-26,"A.S. A CORUÑA E CEE","15"
2020-04-26,"A.S. FERROL","2"
2020-04-26,"A.S. OURENSE, VERÍN E O BARCO","6"
2020-04-26,"A.S. SANTIAGO E BARBANZA","2"
2020-04-26,"A.S. VIGO","6"
2020-04-26,"GALICIA","31"
2020-04-27,"A.S. A CORUÑA E CEE","7"
2020-04-27,"A.S. FERROL","4"
2020-04-27,"A.S. LUGO, A MARIÑA E MONFORTE","1"
2020-04-27,"A.S. OURENSE, VERÍN E O BARCO","8"
2020-04-27,"A.S. SANTIAGO E BARBANZA","9"
2020-04-27,"A.S. VIGO","17"
2020-04-27,"GALICIA","46"
2020-04-28,"A.S. A CORUÑA E CEE","17"
2020-04-28,"A.S. FERROL","2"
2020-04-28,"A.S. LUGO, A MARIÑA E MONFORTE","1"
2020-04-28,"A.S. OURENSE, VERÍN E O BARCO","10"
2020-04-28,"A.S. SANTIAGO E BARBANZA","5"
2020-04-28,"A.S. VIGO","1"
2020-04-28,"GALICIA","36"
2020-04-29,"A.S. A CORUÑA E CEE","25"
2020-04-29,"A.S. LUGO, A MARIÑA E MONFORTE","4"
2020-04-29,"A.S. OURENSE, VERÍN E O BARCO","1"
2020-04-29,"A.S. SANTIAGO E BARBANZA","9"
2020-04-29,"A.S. VIGO","3"
2020-04-29,"GALICIA","42"
2020-04-30,"A.S. A CORUÑA E CEE","5"
2020-04-30,"A.S. OURENSE, VERÍN E O BARCO","12"
2020-04-30,"A.S. PONTEVEDRA E O SALNÉS","1"
2020-04-30,"A.S. SANTIAGO E BARBANZA","11"
2020-04-30,"A.S. VIGO","7"
2020-04-30,"GALICIA","36"
2020-05-01,"A.S. A CORUÑA E CEE","17"
2020-05-01,"A.S. OURENSE, VERÍN E O BARCO","9"
2020-05-01,"A.S. PONTEVEDRA E O SALNÉS","2"
2020-05-01,"A.S. SANTIAGO E BARBANZA","1"
2020-05-01,"A.S. VIGO","4"
2020-05-01,"GALICIA","33"
2020-05-02,"A.S. A CORUÑA E CEE","12"
2020-05-02,"A.S. FERROL","1"
2020-05-02,"A.S. LUGO, A MARIÑA E MONFORTE","3"
2020-05-02,"A.S. OURENSE, VERÍN E O BARCO","6"
2020-05-02,"A.S. SANTIAGO E BARBANZA","1"
2020-05-02,"A.S. VIGO","4"
2020-05-02,"GALICIA","27"
2020-05-03,"A.S. A CORUÑA E CEE","13"
2020-05-03,"A.S. OURENSE, VERÍN E O BARCO","7"
2020-05-03,"A.S. PONTEVEDRA E O SALNÉS","2"
2020-05-03,"A.S. SANTIAGO E BARBANZA","2"
2020-05-03,"A.S. VIGO","6"
2020-05-03,"GALICIA","30"
2020-05-04,"A.S. A CORUÑA E CEE","2"
2020-05-04,"A.S. LUGO, A MARIÑA E MONFORTE","1"
2020-05-04,"A.S. OURENSE, VERÍN E O BARCO","6"
2020-05-04,"A.S. SANTIAGO E BARBANZA","5"
2020-05-04,"A.S. VIGO","3"
2020-05-04,"GALICIA","17"
2020-05-05,"A.S. A CORUÑA E CEE","10"
2020-05-05,"A.S. FERROL","1"
2020-05-05,"A.S. OURENSE, VERÍN E O BARCO","3"
2020-05-05,"A.S. PONTEVEDRA E O SALNÉS","1"
2020-05-05,"A.S. SANTIAGO E BARBANZA","1"
2020-05-05,"A.S. VIGO","2"
2020-05-05,"GALICIA","18"
2020-05-06,"A.S. A CORUÑA E CEE","9"
2020-05-06,"A.S. FERROL","1"
2020-05-06,"A.S. LUGO, A MARIÑA E MONFORTE","1"
2020-05-06,"A.S. OURENSE, VERÍN E O BARCO","9"
2020-05-06,"A.S. SANTIAGO E BARBANZA","4"
2020-05-06,"A.S. VIGO","1"
2020-05-06,"GALICIA","25"
2020-05-07,"A.S. A CORUÑA E CEE","17"
2020-05-07,"A.S. PONTEVEDRA E O SALNÉS","3"
2020-05-07,"A.S. SANTIAGO E BARBANZA","1"
2020-05-07,"A.S. VIGO","7"
2020-05-07,"GALICIA","28"
2020-05-08,"A.S. A CORUÑA E CEE","2"
2020-05-08,"A.S. FERROL","1"
2020-05-08,"A.S. LUGO, A MARIÑA E MONFORTE","1"
2020-05-08,"A.S. OURENSE, VERÍN E O BARCO","1"
2020-05-08,"A.S. SANTIAGO E BARBANZA","2"
2020-05-08,"A.S. VIGO","2"
2020-05-08,"GALICIA","9"
2020-05-09,"A.S. A CORUÑA E CEE","5"
2020-05-09,"A.S. FERROL","1"
2020-05-09,"A.S. OURENSE, VERÍN E O BARCO","3"
2020-05-09,"A.S. SANTIAGO E BARBANZA","1"
2020-05-09,"A.S. VIGO","6"
2020-05-09,"GALICIA","16"
2020-05-10,"A.S. A CORUÑA E CEE","5"
2020-05-10,"A.S. PONTEVEDRA E O SALNÉS","1"
2020-05-10,"A.S. SANTIAGO E BARBANZA","2"
2020-05-10,"GALICIA","8"
2020-05-11,"A.S. A CORUÑA E CEE","5"
2020-05-11,"A.S. LUGO, A MARIÑA E MONFORTE","1"
2020-05-11,"A.S. OURENSE, VERÍN E O BARCO","4"
2020-05-11,"A.S. VIGO","2"
2020-05-11,"GALICIA","12"
2020-05-12,"A.S. A CORUÑA E CEE","7"
2020-05-12,"A.S. OURENSE, VERÍN E O BARCO","3"
2020-05-12,"A.S. PONTEVEDRA E O SALNÉS","2"
2020-05-12,"A.S. SANTIAGO E BARBANZA","2"
2020-05-12,"A.S. VIGO","2"
2020-05-12,"GALICIA","16"
2020-05-13,"A.S. A CORUÑA E CEE","5"
2020-05-13,"A.S. LUGO, A MARIÑA E MONFORTE","1"
2020-05-13,"A.S. OURENSE, VERÍN E O BARCO","2"
2020-05-13,"A.S. PONTEVEDRA E O SALNÉS","1"
2020-05-13,"A.S. SANTIAGO E BARBANZA","1"
2020-05-13,"A.S. VIGO","2"
2020-05-13,"GALICIA","12"
2020-05-14,"A.S. A CORUÑA E CEE","2"
2020-05-14,"A.S. OURENSE, VERÍN E O BARCO","1"
2020-05-14,"A.S. SANTIAGO E BARBANZA","1"
2020-05-14,"GALICIA","4"
2020-05-15,"A.S. A CORUÑA E CEE","6"
2020-05-15,"A.S. LUGO, A MARIÑA E MONFORTE","1"
2020-05-15,"A.S. OURENSE, VERÍN E O BARCO","4"
2020-05-15,"A.S. VIGO","1"
2020-05-15,"GALICIA","12"
2020-05-16,"A.S. SANTIAGO E BARBANZA","1"
2020-05-16,"A.S. VIGO","3"
2020-05-16,"GALICIA","4"
2020-05-17,"A.S. A CORUÑA E CEE","2"
2020-05-17,"GALICIA","2"
2020-05-18,"A.S. A CORUÑA E CEE","2"
2020-05-18,"A.S. SANTIAGO E BARBANZA","1"
2020-05-18,"GALICIA","3"
2020-05-19,"A.S. A CORUÑA E CEE","4"
2020-05-19,"A.S. FERROL","2"
2020-05-19,"A.S. OURENSE, VERÍN E O BARCO","6"
2020-05-19,"A.S. PONTEVEDRA E O SALNÉS","1"
2020-05-19,"A.S. VIGO","1"
2020-05-19,"GALICIA","14"
2020-05-20,"A.S. A CORUÑA E CEE","7"
2020-05-20,"A.S. FERROL","1"
2020-05-20,"A.S. SANTIAGO E BARBANZA","1"
2020-05-20,"GALICIA","9"
2020-05-21,"A.S. A CORUÑA E CEE","2"
2020-05-21,"A.S. FERROL","1"
2020-05-21,"A.S. OURENSE, VERÍN E O BARCO","1"
2020-05-21,"GALICIA","4"
2020-05-22,"A.S. A CORUÑA E CEE","13"
2020-05-22,"A.S. LUGO, A MARIÑA E MONFORTE","2"
2020-05-22,"A.S. OURENSE, VERÍN E O BARCO","2"
2020-05-22,"GALICIA","17"
2020-05-23,"A.S. A CORUÑA E CEE","3"
2020-05-23,"A.S. OURENSE, VERÍN E O BARCO","6"
2020-05-23,"A.S. SANTIAGO E BARBANZA","1"
2020-05-23,"GALICIA","10"
2020-05-24,"A.S. A CORUÑA E CEE","1"
2020-05-24,"A.S. SANTIAGO E BARBANZA","1"
2020-05-24,"GALICIA","2"
2020-05-25,"A.S. LUGO, A MARIÑA E MONFORTE","1"
2020-05-25,"A.S. PONTEVEDRA E O SALNÉS","1"
2020-05-25,"GALICIA","2"
2020-05-26,"A.S. A CORUÑA E CEE","5"
2020-05-26,"GALICIA","5"
2020-05-27,"A.S. LUGO, A MARIÑA E MONFORTE","1"
2020-05-27,"A.S. SANTIAGO E BARBANZA","1"
2020-05-27,"GALICIA","2"
2020-05-28,"A.S. A CORUÑA E CEE","1"
2020-05-28,"A.S. LUGO, A MARIÑA E MONFORTE","1"
2020-05-28,"A.S. OURENSE, VERÍN E O BARCO","2"
2020-05-28,"GALICIA","4"
2020-05-29,"A.S. A CORUÑA E CEE","1"
2020-05-29,"A.S. VIGO","3"
2020-05-29,"GALICIA","4"
2020-05-30,"A.S. A CORUÑA E CEE","3"
2020-05-30,"A.S. FERROL","1"
2020-05-30,"GALICIA","4"
2020-06-02,"A.S. SANTIAGO E BARBANZA","1"
2020-06-02,"A.S. VIGO","1"
2020-06-02,"GALICIA","2"
2020-06-03,"A.S. A CORUÑA E CEE","1"
2020-06-03,"GALICIA","1"
2020-06-04,"A.S. PONTEVEDRA E O SALNÉS","1"
2020-06-04,"GALICIA","1"
2020-06-05,"A.S. A CORUÑA E CEE","1"
2020-06-05,"A.S. OURENSE, VERÍN E O BARCO","1"
2020-06-05,"GALICIA","2"
2020-06-06,"A.S. SANTIAGO E BARBANZA","1"
2020-06-06,"A.S. VIGO","1"
2020-06-06,"GALICIA","2"
2020-06-07,"A.S. A CORUÑA E CEE","1"
2020-06-07,"GALICIA","1"
2020-06-08,"A.S. LUGO, A MARIÑA E MONFORTE","1"
2020-06-08,"GALICIA","1"
2020-06-09,"A.S. A CORUÑA E CEE","1"
2020-06-09,"A.S. LUGO, A MARIÑA E MONFORTE","1"
2020-06-09,"A.S. SANTIAGO E BARBANZA","1"
2020-06-09,"A.S. VIGO","1"
2020-06-09,"GALICIA","4"
2020-06-10,"A.S. SANTIAGO E BARBANZA","1"
2020-06-10,"GALICIA","1"
2020-06-11,"A.S. LUGO, A MARIÑA E MONFORTE","1"
2020-06-11,"GALICIA","1"
2020-06-12,"A.S. FERROL","1"
2020-06-12,"A.S. SANTIAGO E BARBANZA","1"
2020-06-12,"GALICIA","2"
2020-06-13,"A.S. LUGO, A MARIÑA E MONFORTE","1"
2020-06-13,"GALICIA","1"
2020-06-14,"A.S. VIGO","1"
2020-06-14,"GALICIA","1"
2020-06-15,"A.S. VIGO","1"
2020-06-15,"GALICIA","1"
2020-06-17,"A.S. LUGO, A MARIÑA E MONFORTE","1"
2020-06-17,"A.S. PONTEVEDRA E O SALNÉS","1"
2020-06-17,"A.S. SANTIAGO E BARBANZA","1"
2020-06-17,"GALICIA","3"
2020-06-18,"A.S. A CORUÑA E CEE","1"
2020-06-18,"A.S. OURENSE, VERÍN E O BARCO","1"
2020-06-18,"A.S. PONTEVEDRA E O SALNÉS","1"
2020-06-18,"GALICIA","3"
2020-06-19,"A.S. SANTIAGO E BARBANZA","1"
2020-06-19,"GALICIA","1"
2020-06-20,"A.S. A CORUÑA E CEE","1"
2020-06-20,"A.S. SANTIAGO E BARBANZA","2"
2020-06-20,"GALICIA","3"
2020-06-21,"A.S. SANTIAGO E BARBANZA","5"
2020-06-21,"GALICIA","5"
2020-06-23,"A.S. LUGO, A MARIÑA E MONFORTE","2"
2020-06-23,"A.S. OURENSE, VERÍN E O BARCO","1"
2020-06-23,"GALICIA","3"
2020-06-24,"A.S. LUGO, A MARIÑA E MONFORTE","8"
2020-06-24,"GALICIA","8"
2020-06-25,"A.S. LUGO, A MARIÑA E MONFORTE","8"
2020-06-25,"A.S. PONTEVEDRA E O SALNÉS","1"
2020-06-25,"GALICIA","9"
2020-06-26,"A.S. OURENSE, VERÍN E O BARCO","1"
2020-06-26,"A.S. SANTIAGO E BARBANZA","1"
2020-06-26,"A.S. VIGO","1"
2020-06-26,"GALICIA","3"
2020-06-27,"A.S. LUGO, A MARIÑA E MONFORTE","7"
2020-06-27,"A.S. VIGO","1"
2020-06-27,"GALICIA","8"
2020-06-28,"A.S. LUGO, A MARIÑA E MONFORTE","4"
2020-06-28,"A.S. OURENSE, VERÍN E O BARCO","1"
2020-06-28,"A.S. SANTIAGO E BARBANZA","1"
2020-06-28,"GALICIA","6"
2020-06-29,"A.S. LUGO, A MARIÑA E MONFORTE","7"
2020-06-29,"A.S. PONTEVEDRA E O SALNÉS","1"
2020-06-29,"GALICIA","8"
2020-06-30,"A.S. LUGO, A MARIÑA E MONFORTE","6"
2020-06-30,"GALICIA","6"
2020-07-01,"A.S. FERROL","1"
2020-07-01,"A.S. LUGO, A MARIÑA E MONFORTE","14"
2020-07-01,"A.S. SANTIAGO E BARBANZA","3"
2020-07-01,"GALICIA","18"
2020-07-02,"A.S. A CORUÑA E CEE","1"
2020-07-02,"A.S. LUGO, A MARIÑA E MONFORTE","10"
2020-07-02,"GALICIA","11"
2020-07-03,"A.S. A CORUÑA E CEE","2"
2020-07-03,"A.S. LUGO, A MARIÑA E MONFORTE","29"
2020-07-03,"GALICIA","31"
2020-07-04,"A.S. LUGO, A MARIÑA E MONFORTE","24"
2020-07-04,"A.S. SANTIAGO E BARBANZA","2"
2020-07-04,"GALICIA","26"
2020-07-05,"A.S. LUGO, A MARIÑA E MONFORTE","23"
2020-07-05,"A.S. VIGO","1"
2020-07-05,"GALICIA","24"
2020-07-06,"A.S. LUGO, A MARIÑA E MONFORTE","3"
2020-07-06,"A.S. PONTEVEDRA E O SALNÉS","1"
2020-07-06,"A.S. VIGO","2"
2020-07-06,"GALICIA","6"
2020-07-07,"A.S. LUGO, A MARIÑA E MONFORTE","35"
2020-07-07,"GALICIA","35"
2020-07-08,"A.S. LUGO, A MARIÑA E MONFORTE","21"
2020-07-08,"A.S. OURENSE, VERÍN E O BARCO","1"
2020-07-08,"A.S. PONTEVEDRA E O SALNÉS","2"
2020-07-08,"A.S. SANTIAGO E BARBANZA","1"
2020-07-08,"A.S. VIGO","1"
2020-07-08,"GALICIA","26"
2020-07-09,"A.S. LUGO, A MARIÑA E MONFORTE","30"
2020-07-09,"A.S. OURENSE, VERÍN E O BARCO","2"
2020-07-09,"A.S. VIGO","2"
2020-07-09,"GALICIA","34"
2020-07-10,"A.S. FERROL","1"
2020-07-10,"A.S. LUGO, A MARIÑA E MONFORTE","5"
2020-07-10,"A.S. OURENSE, VERÍN E O BARCO","1"
2020-07-10,"GALICIA","7"
2020-07-11,"A.S. A CORUÑA E CEE","3"
2020-07-11,"A.S. LUGO, A MARIÑA E MONFORTE","4"
2020-07-11,"A.S. PONTEVEDRA E O SALNÉS","1"
2020-07-11,"A.S. SANTIAGO E BARBANZA","1"
2020-07-11,"A.S. VIGO","1"
2020-07-11,"GALICIA","10"
2020-07-12,"A.S. A CORUÑA E CEE","1"
2020-07-12,"A.S. LUGO, A MARIÑA E MONFORTE","1"
2020-07-12,"A.S. PONTEVEDRA E O SALNÉS","2"
2020-07-12,"A.S. SANTIAGO E BARBANZA","2"
2020-07-12,"GALICIA","6"
2020-07-13,"A.S. A CORUÑA E CEE","2"
2020-07-13,"A.S. VIGO","1"
2020-07-13,"GALICIA","3"
2020-07-14,"A.S. A CORUÑA E CEE","2"
2020-07-14,"A.S. LUGO, A MARIÑA E MONFORTE","2"
2020-07-14,"A.S. VIGO","3"
2020-07-14,"GALICIA","7"
2020-07-15,"A.S. A CORUÑA E CEE","3"
2020-07-15,"A.S. LUGO, A MARIÑA E MONFORTE","3"
2020-07-15,"A.S. PONTEVEDRA E O SALNÉS","1"
2020-07-15,"A.S. SANTIAGO E BARBANZA","1"
2020-07-15,"A.S. VIGO","1"
2020-07-15,"GALICIA","9"
2020-07-16,"A.S. A CORUÑA E CEE","8"
2020-07-16,"A.S. LUGO, A MARIÑA E MONFORTE","5"
2020-07-16,"A.S. SANTIAGO E BARBANZA","1"
2020-07-16,"A.S. VIGO","1"
2020-07-16,"GALICIA","15"
2020-07-17,"A.S. A CORUÑA E CEE","1"
2020-07-17,"A.S. LUGO, A MARIÑA E MONFORTE","3"
2020-07-17,"A.S. OURENSE, VERÍN E O BARCO","1"
2020-07-17,"A.S. VIGO","1"
2020-07-17,"GALICIA","6"
2020-07-18,"A.S. A CORUÑA E CEE","2"
2020-07-18,"A.S. LUGO, A MARIÑA E MONFORTE","1"
2020-07-18,"GALICIA","3"
2020-07-19,"A.S. A CORUÑA E CEE","1"
2020-07-19,"A.S. LUGO, A MARIÑA E MONFORTE","3"
2020-07-19,"A.S. SANTIAGO E BARBANZA","1"
2020-07-19,"A.S. VIGO","1"
2020-07-19,"GALICIA","6"
2020-07-20,"A.S. LUGO, A MARIÑA E MONFORTE","4"
2020-07-20,"A.S. PONTEVEDRA E O SALNÉS","1"
2020-07-20,"A.S. SANTIAGO E BARBANZA","2"
2020-07-20,"A.S. VIGO","1"
2020-07-20,"GALICIA","8"
2020-07-21,"A.S. A CORUÑA E CEE","8"
2020-07-21,"A.S. LUGO, A MARIÑA E MONFORTE","3"
2020-07-21,"A.S. PONTEVEDRA E O SALNÉS","1"
2020-07-21,"A.S. VIGO","9"
2020-07-21,"GALICIA","21"
2020-07-22,"A.S. A CORUÑA E CEE","2"
2020-07-22,"A.S. LUGO, A MARIÑA E MONFORTE","5"
2020-07-22,"A.S. PONTEVEDRA E O SALNÉS","1"
2020-07-22,"A.S. VIGO","2"
2020-07-22,"GALICIA","10"
2020-07-23,"A.S. A CORUÑA E CEE","12"
2020-07-23,"A.S. LUGO, A MARIÑA E MONFORTE","10"
2020-07-23,"A.S. PONTEVEDRA E O SALNÉS","3"
2020-07-23,"A.S. VIGO","4"
2020-07-23,"GALICIA","29"
2020-07-24,"A.S. A CORUÑA E CEE","8"
2020-07-24,"A.S. LUGO, A MARIÑA E MONFORTE","8"
2020-07-24,"A.S. OURENSE, VERÍN E O BARCO","2"
2020-07-24,"A.S. PONTEVEDRA E O SALNÉS","6"
2020-07-24,"A.S. VIGO","3"
2020-07-24,"GALICIA","27"
2020-07-25,"A.S. A CORUÑA E CEE","4"
2020-07-25,"A.S. LUGO, A MARIÑA E MONFORTE","7"
2020-07-25,"A.S. PONTEVEDRA E O SALNÉS","1"
2020-07-25,"A.S. SANTIAGO E BARBANZA","4"
2020-07-25,"A.S. VIGO","9"
2020-07-25,"GALICIA","25"
2020-07-26,"A.S. A CORUÑA E CEE","6"
2020-07-26,"A.S. LUGO, A MARIÑA E MONFORTE","1"
2020-07-26,"A.S. PONTEVEDRA E O SALNÉS","1"
2020-07-26,"A.S. SANTIAGO E BARBANZA","4"
2020-07-26,"A.S. VIGO","2"
2020-07-26,"GALICIA","14"
2020-07-27,"A.S. A CORUÑA E CEE","2"
2020-07-27,"A.S. FERROL","1"
2020-07-27,"A.S. SANTIAGO E BARBANZA","3"
2020-07-27,"A.S. VIGO","2"
2020-07-27,"GALICIA","8"
2020-07-28,"A.S. A CORUÑA E CEE","9"
2020-07-28,"A.S. OURENSE, VERÍN E O BARCO","1"
2020-07-28,"A.S. PONTEVEDRA E O SALNÉS","1"
2020-07-28,"A.S. SANTIAGO E BARBANZA","6"
2020-07-28,"A.S. VIGO","4"
2020-07-28,"GALICIA","21"
2020-07-29,"A.S. A CORUÑA E CEE","12"
2020-07-29,"A.S. FERROL","1"
2020-07-29,"A.S. LUGO, A MARIÑA E MONFORTE","1"
2020-07-29,"A.S. OURENSE, VERÍN E O BARCO","2"
2020-07-29,"A.S. PONTEVEDRA E O SALNÉS","2"
2020-07-29,"A.S. SANTIAGO E BARBANZA","3"
2020-07-29,"GALICIA","21"
2020-07-30,"A.S. A CORUÑA E CEE","15"
2020-07-30,"A.S. LUGO, A MARIÑA E MONFORTE","2"
2020-07-30,"A.S. OURENSE, VERÍN E O BARCO","6"
2020-07-30,"A.S. PONTEVEDRA E O SALNÉS","2"
2020-07-30,"A.S. SANTIAGO E BARBANZA","1"
2020-07-30,"A.S. VIGO","4"
2020-07-30,"GALICIA","30"
2020-07-31,"A.S. A CORUÑA E CEE","26"
2020-07-31,"A.S. OURENSE, VERÍN E O BARCO","2"
2020-07-31,"A.S. PONTEVEDRA E O SALNÉS","1"
2020-07-31,"A.S. VIGO","9"
2020-07-31,"GALICIA","38"
2020-08-01,"A.S. A CORUÑA E CEE","14"
2020-08-01,"A.S. FERROL","1"
2020-08-01,"A.S. LUGO, A MARIÑA E MONFORTE","5"
2020-08-01,"A.S. OURENSE, VERÍN E O BARCO","5"
2020-08-01,"A.S. SANTIAGO E BARBANZA","1"
2020-08-01,"A.S. VIGO","2"
2020-08-01,"GALICIA","28"
2020-08-02,"A.S. A CORUÑA E CEE","15"
2020-08-02,"A.S. OURENSE, VERÍN E O BARCO","6"
2020-08-02,"A.S. PONTEVEDRA E O SALNÉS","4"
2020-08-02,"A.S. SANTIAGO E BARBANZA","1"
2020-08-02,"A.S. VIGO","5"
2020-08-02,"GALICIA","31"
2020-08-03,"A.S. A CORUÑA E CEE","12"
2020-08-03,"A.S. FERROL","1"
2020-08-03,"A.S. LUGO, A MARIÑA E MONFORTE","3"
2020-08-03,"A.S. OURENSE, VERÍN E O BARCO","1"
2020-08-03,"A.S. PONTEVEDRA E O SALNÉS","2"
2020-08-03,"A.S. SANTIAGO E BARBANZA","1"
2020-08-03,"A.S. VIGO","6"
2020-08-03,"GALICIA","26"
2020-08-04,"A.S. A CORUÑA E CEE","19"
2020-08-04,"A.S. FERROL","1"
2020-08-04,"A.S. LUGO, A MARIÑA E MONFORTE","5"
2020-08-04,"A.S. OURENSE, VERÍN E O BARCO","1"
2020-08-04,"A.S. PONTEVEDRA E O SALNÉS","4"
2020-08-04,"A.S. SANTIAGO E BARBANZA","4"
2020-08-04,"A.S. VIGO","6"
2020-08-04,"GALICIA","40"
2020-08-05,"A.S. A CORUÑA E CEE","14"
2020-08-05,"A.S. LUGO, A MARIÑA E MONFORTE","6"
2020-08-05,"A.S. OURENSE, VERÍN E O BARCO","4"
2020-08-05,"A.S. PONTEVEDRA E O SALNÉS","8"
2020-08-05,"A.S. SANTIAGO E BARBANZA","5"
2020-08-05,"A.S. VIGO","9"
2020-08-05,"GALICIA","46"
2020-08-06,"A.S. A CORUÑA E CEE","59"
2020-08-06,"A.S. FERROL","2"
2020-08-06,"A.S. LUGO, A MARIÑA E MONFORTE","5"
2020-08-06,"A.S. OURENSE, VERÍN E O BARCO","3"
2020-08-06,"A.S. PONTEVEDRA E O SALNÉS","1"
2020-08-06,"A.S. SANTIAGO E BARBANZA","3"
2020-08-06,"A.S. VIGO","8"
2020-08-06,"GALICIA","81"
2020-08-07,"A.S. A CORUÑA E CEE","65"
2020-08-07,"A.S. LUGO, A MARIÑA E MONFORTE","9"
2020-08-07,"A.S. OURENSE, VERÍN E O BARCO","6"
2020-08-07,"A.S. PONTEVEDRA E O SALNÉS","1"
2020-08-07,"A.S. SANTIAGO E BARBANZA","5"
2020-08-07,"A.S. VIGO","8"
2020-08-07,"GALICIA","94"
2020-08-08,"A.S. A CORUÑA E CEE","54"
2020-08-08,"A.S. FERROL","1"
2020-08-08,"A.S. LUGO, A MARIÑA E MONFORTE","11"
2020-08-08,"A.S. OURENSE, VERÍN E O BARCO","4"
2020-08-08,"A.S. PONTEVEDRA E O SALNÉS","1"
2020-08-08,"A.S. SANTIAGO E BARBANZA","3"
2020-08-08,"A.S. VIGO","6"
2020-08-08,"GALICIA","80"
2020-08-09,"A.S. A CORUÑA E CEE","56"
2020-08-09,"A.S. FERROL","2"
2020-08-09,"A.S. LUGO, A MARIÑA E MONFORTE","3"
2020-08-09,"A.S. OURENSE, VERÍN E O BARCO","4"
2020-08-09,"A.S. PONTEVEDRA E O SALNÉS","1"
2020-08-09,"A.S. SANTIAGO E BARBANZA","4"
2020-08-09,"A.S. VIGO","5"
2020-08-09,"GALICIA","75"
2020-08-10,"A.S. A CORUÑA E CEE","38"
2020-08-10,"A.S. FERROL","8"
2020-08-10,"A.S. LUGO, A MARIÑA E MONFORTE","9"
2020-08-10,"A.S. OURENSE, VERÍN E O BARCO","3"
2020-08-10,"A.S. PONTEVEDRA E O SALNÉS","2"
2020-08-10,"A.S. SANTIAGO E BARBANZA","1"
2020-08-10,"A.S. VIGO","23"
2020-08-10,"GALICIA","84"
2020-08-11,"A.S. A CORUÑA E CEE","66"
2020-08-11,"A.S. FERROL","10"
2020-08-11,"A.S. LUGO, A MARIÑA E MONFORTE","16"
2020-08-11,"A.S. OURENSE, VERÍN E O BARCO","10"
2020-08-11,"A.S. PONTEVEDRA E O SALNÉS","5"
2020-08-11,"A.S. SANTIAGO E BARBANZA","6"
2020-08-11,"A.S. VIGO","9"
2020-08-11,"GALICIA","122"
2020-08-12,"A.S. A CORUÑA E CEE","79"
2020-08-12,"A.S. FERROL","4"
2020-08-12,"A.S. LUGO, A MARIÑA E MONFORTE","9"
2020-08-12,"A.S. OURENSE, VERÍN E O BARCO","9"
2020-08-12,"A.S. PONTEVEDRA E O SALNÉS","3"
2020-08-12,"A.S. SANTIAGO E BARBANZA","3"
2020-08-12,"A.S. VIGO","14"
2020-08-12,"GALICIA","121"
2020-08-13,"A.S. A CORUÑA E CEE","97"
2020-08-13,"A.S. FERROL","7"
2020-08-13,"A.S. LUGO, A MARIÑA E MONFORTE","12"
2020-08-13,"A.S. OURENSE, VERÍN E O BARCO","8"
2020-08-13,"A.S. PONTEVEDRA E O SALNÉS","4"
2020-08-13,"A.S. SANTIAGO E BARBANZA","6"
2020-08-13,"A.S. VIGO","9"
2020-08-13,"GALICIA","143"
2020-08-14,"A.S. A CORUÑA E CEE","92"
2020-08-14,"A.S. FERROL","10"
2020-08-14,"A.S. LUGO, A MARIÑA E MONFORTE","5"
2020-08-14,"A.S. OURENSE, VERÍN E O BARCO","12"
2020-08-14,"A.S. PONTEVEDRA E O SALNÉS","7"
2020-08-14,"A.S. SANTIAGO E BARBANZA","10"
2020-08-14,"A.S. VIGO","8"
2020-08-14,"GALICIA","144"
2020-08-15,"A.S. A CORUÑA E CEE","98"
2020-08-15,"A.S. FERROL","2"
2020-08-15,"A.S. LUGO, A MARIÑA E MONFORTE","5"
2020-08-15,"A.S. OURENSE, VERÍN E O BARCO","21"
2020-08-15,"A.S. PONTEVEDRA E O SALNÉS","10"
2020-08-15,"A.S. SANTIAGO E BARBANZA","6"
2020-08-15,"A.S. VIGO","8"
2020-08-15,"GALICIA","150"
2020-08-16,"A.S. A CORUÑA E CEE","77"
2020-08-16,"A.S. FERROL","4"
2020-08-16,"A.S. LUGO, A MARIÑA E MONFORTE","8"
2020-08-16,"A.S. OURENSE, VERÍN E O BARCO","23"
2020-08-16,"A.S. PONTEVEDRA E O SALNÉS","2"
2020-08-16,"A.S. SANTIAGO E BARBANZA","8"
2020-08-16,"A.S. VIGO","5"
2020-08-16,"GALICIA","127"
2020-08-17,"A.S. A CORUÑA E CEE","64"
2020-08-17,"A.S. FERROL","8"
2020-08-17,"A.S. LUGO, A MARIÑA E MONFORTE","10"
2020-08-17,"A.S. OURENSE, VERÍN E O BARCO","13"
2020-08-17,"A.S. PONTEVEDRA E O SALNÉS","4"
2020-08-17,"A.S. SANTIAGO E BARBANZA","8"
2020-08-17,"A.S. VIGO","4"
2020-08-17,"GALICIA","111"
2020-08-18,"A.S. A CORUÑA E CEE","67"
2020-08-18,"A.S. FERROL","11"
2020-08-18,"A.S. LUGO, A MARIÑA E MONFORTE","26"
2020-08-18,"A.S. OURENSE, VERÍN E O BARCO","14"
2020-08-18,"A.S. PONTEVEDRA E O SALNÉS","13"
2020-08-18,"A.S. SANTIAGO E BARBANZA","29"
2020-08-18,"A.S. VIGO","9"
2020-08-18,"GALICIA","169"
2020-08-19,"A.S. A CORUÑA E CEE","89"
2020-08-19,"A.S. FERROL","10"
2020-08-19,"A.S. LUGO, A MARIÑA E MONFORTE","36"
2020-08-19,"A.S. OURENSE, VERÍN E O BARCO","15"
2020-08-19,"A.S. PONTEVEDRA E O SALNÉS","3"
2020-08-19,"A.S. SANTIAGO E BARBANZA","26"
2020-08-19,"A.S. VIGO","10"
2020-08-19,"GALICIA","189"
2020-08-20,"A.S. A CORUÑA E CEE","88"
2020-08-20,"A.S. FERROL","13"
2020-08-20,"A.S. LUGO, A MARIÑA E MONFORTE","92"
2020-08-20,"A.S. OURENSE, VERÍN E O BARCO","26"
2020-08-20,"A.S. PONTEVEDRA E O SALNÉS","11"
2020-08-20,"A.S. SANTIAGO E BARBANZA","26"
2020-08-20,"A.S. VIGO","15"
2020-08-20,"GALICIA","271"
2020-08-21,"A.S. A CORUÑA E CEE","104"
2020-08-21,"A.S. FERROL","7"
2020-08-21,"A.S. LUGO, A MARIÑA E MONFORTE","39"
2020-08-21,"A.S. OURENSE, VERÍN E O BARCO","12"
2020-08-21,"A.S. PONTEVEDRA E O SALNÉS","17"
2020-08-21,"A.S. SANTIAGO E BARBANZA","46"
2020-08-21,"A.S. VIGO","10"
2020-08-21,"GALICIA","235"
2020-08-22,"A.S. A CORUÑA E CEE","86"
2020-08-22,"A.S. FERROL","9"
2020-08-22,"A.S. LUGO, A MARIÑA E MONFORTE","31"
2020-08-22,"A.S. OURENSE, VERÍN E O BARCO","12"
2020-08-22,"A.S. PONTEVEDRA E O SALNÉS","34"
2020-08-22,"A.S. SANTIAGO E BARBANZA","34"
2020-08-22,"A.S. VIGO","15"
2020-08-22,"GALICIA","221"
2020-08-23,"A.S. A CORUÑA E CEE","63"
2020-08-23,"A.S. FERROL","7"
2020-08-23,"A.S. LUGO, A MARIÑA E MONFORTE","37"
2020-08-23,"A.S. OURENSE, VERÍN E O BARCO","17"
2020-08-23,"A.S. PONTEVEDRA E O SALNÉS","9"
2020-08-23,"A.S. SANTIAGO E BARBANZA","61"
2020-08-23,"A.S. VIGO","11"
2020-08-23,"GALICIA","205"
2020-08-24,"A.S. A CORUÑA E CEE","45"
2020-08-24,"A.S. FERROL","6"
2020-08-24,"A.S. LUGO, A MARIÑA E MONFORTE","20"
2020-08-24,"A.S. OURENSE, VERÍN E O BARCO","16"
2020-08-24,"A.S. PONTEVEDRA E O SALNÉS","13"
2020-08-24,"A.S. SANTIAGO E BARBANZA","58"
2020-08-24,"A.S. VIGO","16"
2020-08-24,"GALICIA","174"
2020-08-25,"A.S. A CORUÑA E CEE","79"
2020-08-25,"A.S. FERROL","6"
2020-08-25,"A.S. LUGO, A MARIÑA E MONFORTE","107"
2020-08-25,"A.S. OURENSE, VERÍN E O BARCO","27"
2020-08-25,"A.S. PONTEVEDRA E O SALNÉS","16"
2020-08-25,"A.S. SANTIAGO E BARBANZA","63"
2020-08-25,"A.S. VIGO","23"
2020-08-25,"GALICIA","321"
2020-08-26,"A.S. A CORUÑA E CEE","73"
2020-08-26,"A.S. FERROL","15"
2020-08-26,"A.S. LUGO, A MARIÑA E MONFORTE","64"
2020-08-26,"A.S. OURENSE, VERÍN E O BARCO","30"
2020-08-26,"A.S. PONTEVEDRA E O SALNÉS","15"
2020-08-26,"A.S. SANTIAGO E BARBANZA","43"
2020-08-26,"A.S. VIGO","9"
2020-08-26,"GALICIA","249"
2020-08-27,"A.S. A CORUÑA E CEE","106"
2020-08-27,"A.S. FERROL","9"
2020-08-27,"A.S. LUGO, A MARIÑA E MONFORTE","60"
2020-08-27,"A.S. OURENSE, VERÍN E O BARCO","25"
2020-08-27,"A.S. PONTEVEDRA E O SALNÉS","18"
2020-08-27,"A.S. SANTIAGO E BARBANZA","30"
2020-08-27,"A.S. VIGO","26"
2020-08-27,"GALICIA","274"
2020-08-28,"A.S. A CORUÑA E CEE","120"
2020-08-28,"A.S. FERROL","12"
2020-08-28,"A.S. LUGO, A MARIÑA E MONFORTE","86"
2020-08-28,"A.S. OURENSE, VERÍN E O BARCO","31"
2020-08-28,"A.S. PONTEVEDRA E O SALNÉS","19"
2020-08-28,"A.S. SANTIAGO E BARBANZA","42"
2020-08-28,"A.S. VIGO","25"
2020-08-28,"GALICIA","335"
2020-08-29,"A.S. A CORUÑA E CEE","79"
2020-08-29,"A.S. FERROL","6"
2020-08-29,"A.S. LUGO, A MARIÑA E MONFORTE","78"
2020-08-29,"A.S. OURENSE, VERÍN E O BARCO","28"
2020-08-29,"A.S. PONTEVEDRA E O SALNÉS","17"
2020-08-29,"A.S. SANTIAGO E BARBANZA","66"
2020-08-29,"A.S. VIGO","16"
2020-08-29,"GALICIA","290"
2020-08-30,"A.S. A CORUÑA E CEE","81"
2020-08-30,"A.S. FERROL","12"
2020-08-30,"A.S. LUGO, A MARIÑA E MONFORTE","60"
2020-08-30,"A.S. OURENSE, VERÍN E O BARCO","19"
2020-08-30,"A.S. PONTEVEDRA E O SALNÉS","15"
2020-08-30,"A.S. SANTIAGO E BARBANZA","47"
2020-08-30,"A.S. VIGO","31"
2020-08-30,"GALICIA","265"
2020-08-31,"A.S. A CORUÑA E CEE","64"
2020-08-31,"A.S. FERROL","13"
2020-08-31,"A.S. LUGO, A MARIÑA E MONFORTE","22"
2020-08-31,"A.S. OURENSE, VERÍN E O BARCO","23"
2020-08-31,"A.S. PONTEVEDRA E O SALNÉS","10"
2020-08-31,"A.S. SANTIAGO E BARBANZA","37"
2020-08-31,"A.S. VIGO","9"
2020-08-31,"GALICIA","178"
2020-09-01,"A.S. A CORUÑA E CEE","58"
2020-09-01,"A.S. FERROL","11"
2020-09-01,"A.S. LUGO, A MARIÑA E MONFORTE","41"
2020-09-01,"A.S. OURENSE, VERÍN E O BARCO","27"
2020-09-01,"A.S. PONTEVEDRA E O SALNÉS","31"
2020-09-01,"A.S. SANTIAGO E BARBANZA","48"
2020-09-01,"A.S. VIGO","35"
2020-09-01,"GALICIA","251"
2020-09-02,"A.S. A CORUÑA E CEE","85"
2020-09-02,"A.S. FERROL","12"
2020-09-02,"A.S. LUGO, A MARIÑA E MONFORTE","47"
2020-09-02,"A.S. OURENSE, VERÍN E O BARCO","31"
2020-09-02,"A.S. PONTEVEDRA E O SALNÉS","21"
2020-09-02,"A.S. SANTIAGO E BARBANZA","42"
2020-09-02,"A.S. VIGO","39"
2020-09-02,"GALICIA","277"
2020-09-03,"A.S. A CORUÑA E CEE","94"
2020-09-03,"A.S. FERROL","8"
2020-09-03,"A.S. LUGO, A MARIÑA E MONFORTE","32"
2020-09-03,"A.S. OURENSE, VERÍN E O BARCO","28"
2020-09-03,"A.S. PONTEVEDRA E O SALNÉS","31"
2020-09-03,"A.S. SANTIAGO E BARBANZA","39"
2020-09-03,"A.S. VIGO","21"
2020-09-03,"GALICIA","253"
2020-09-04,"A.S. A CORUÑA E CEE","81"
2020-09-04,"A.S. FERROL","7"
2020-09-04,"A.S. LUGO, A MARIÑA E MONFORTE","39"
2020-09-04,"A.S. OURENSE, VERÍN E O BARCO","31"
2020-09-04,"A.S. PONTEVEDRA E O SALNÉS","25"
2020-09-04,"A.S. SANTIAGO E BARBANZA","23"
2020-09-04,"A.S. VIGO","28"
2020-09-04,"GALICIA","234"
2020-09-05,"A.S. A CORUÑA E CEE","77"
2020-09-05,"A.S. FERROL","17"
2020-09-05,"A.S. LUGO, A MARIÑA E MONFORTE","46"
2020-09-05,"A.S. OURENSE, VERÍN E O BARCO","30"
2020-09-05,"A.S. PONTEVEDRA E O SALNÉS","30"
2020-09-05,"A.S. SANTIAGO E BARBANZA","50"
2020-09-05,"A.S. VIGO","15"
2020-09-05,"GALICIA","265"
2020-09-06,"A.S. A CORUÑA E CEE","61"
2020-09-06,"A.S. FERROL","11"
2020-09-06,"A.S. LUGO, A MARIÑA E MONFORTE","30"
2020-09-06,"A.S. OURENSE, VERÍN E O BARCO","30"
2020-09-06,"A.S. PONTEVEDRA E O SALNÉS","41"
2020-09-06,"A.S. SANTIAGO E BARBANZA","29"
2020-09-06,"A.S. VIGO","9"
2020-09-06,"GALICIA","211"
2020-09-07,"A.S. A CORUÑA E CEE","31"
2020-09-07,"A.S. FERROL","11"
2020-09-07,"A.S. LUGO, A MARIÑA E MONFORTE","116"
2020-09-07,"A.S. OURENSE, VERÍN E O BARCO","11"
2020-09-07,"A.S. PONTEVEDRA E O SALNÉS","17"
2020-09-07,"A.S. SANTIAGO E BARBANZA","21"
2020-09-07,"A.S. VIGO","13"
2020-09-07,"GALICIA","220"
2020-09-08,"A.S. A CORUÑA E CEE","57"
2020-09-08,"A.S. FERROL","13"
2020-09-08,"A.S. LUGO, A MARIÑA E MONFORTE","62"
2020-09-08,"A.S. OURENSE, VERÍN E O BARCO","16"
2020-09-08,"A.S. PONTEVEDRA E O SALNÉS","31"
2020-09-08,"A.S. SANTIAGO E BARBANZA","53"
2020-09-08,"A.S. VIGO","26"
2020-09-08,"GALICIA","258"
2020-09-09,"A.S. A CORUÑA E CEE","56"
2020-09-09,"A.S. FERROL","7"
2020-09-09,"A.S. LUGO, A MARIÑA E MONFORTE","38"
2020-09-09,"A.S. OURENSE, VERÍN E O BARCO","44"
2020-09-09,"A.S. PONTEVEDRA E O SALNÉS","20"
2020-09-09,"A.S. SANTIAGO E BARBANZA","73"
2020-09-09,"A.S. VIGO","25"
2020-09-09,"GALICIA","263"
2020-09-10,"A.S. A CORUÑA E CEE","76"
2020-09-10,"A.S. FERROL","18"
2020-09-10,"A.S. LUGO, A MARIÑA E MONFORTE","23"
2020-09-10,"A.S. OURENSE, VERÍN E O BARCO","27"
2020-09-10,"A.S. PONTEVEDRA E O SALNÉS","38"
2020-09-10,"A.S. SANTIAGO E BARBANZA","49"
2020-09-10,"A.S. VIGO","33"
2020-09-10,"GALICIA","264"
2020-09-11,"A.S. A CORUÑA E CEE","50"
2020-09-11,"A.S. FERROL","12"
2020-09-11,"A.S. LUGO, A MARIÑA E MONFORTE","62"
2020-09-11,"A.S. OURENSE, VERÍN E O BARCO","15"
2020-09-11,"A.S. PONTEVEDRA E O SALNÉS","25"
2020-09-11,"A.S. SANTIAGO E BARBANZA","32"
2020-09-11,"A.S. VIGO","18"
2020-09-11,"GALICIA","214"
2020-09-12,"A.S. A CORUÑA E CEE","51"
2020-09-12,"A.S. FERROL","9"
2020-09-12,"A.S. LUGO, A MARIÑA E MONFORTE","55"
2020-09-12,"A.S. OURENSE, VERÍN E O BARCO","9"
2020-09-12,"A.S. PONTEVEDRA E O SALNÉS","39"
2020-09-12,"A.S. SANTIAGO E BARBANZA","22"
2020-09-12,"A.S. VIGO","14"
2020-09-12,"GALICIA","199"
2020-09-13,"A.S. A CORUÑA E CEE","55"
2020-09-13,"A.S. FERROL","7"
2020-09-13,"A.S. LUGO, A MARIÑA E MONFORTE","20"
2020-09-13,"A.S. OURENSE, VERÍN E O BARCO","47"
2020-09-13,"A.S. PONTEVEDRA E O SALNÉS","56"
2020-09-13,"A.S. SANTIAGO E BARBANZA","72"
2020-09-13,"A.S. VIGO","17"
2020-09-13,"GALICIA","274"
2020-09-14,"A.S. A CORUÑA E CEE","32"
2020-09-14,"A.S. FERROL","7"
2020-09-14,"A.S. LUGO, A MARIÑA E MONFORTE","26"
2020-09-14,"A.S. OURENSE, VERÍN E O BARCO","27"
2020-09-14,"A.S. PONTEVEDRA E O SALNÉS","32"
2020-09-14,"A.S. SANTIAGO E BARBANZA","49"
2020-09-14,"A.S. VIGO","33"
2020-09-14,"GALICIA","206"
2020-09-15,"A.S. A CORUÑA E CEE","37"
2020-09-15,"A.S. FERROL","17"
2020-09-15,"A.S. LUGO, A MARIÑA E MONFORTE","24"
2020-09-15,"A.S. OURENSE, VERÍN E O BARCO","24"
2020-09-15,"A.S. PONTEVEDRA E O SALNÉS","21"
2020-09-15,"A.S. SANTIAGO E BARBANZA","21"
2020-09-15,"A.S. VIGO","20"
2020-09-15,"GALICIA","164"
2020-09-16,"A.S. A CORUÑA E CEE","60"
2020-09-16,"A.S. FERROL","7"
2020-09-16,"A.S. LUGO, A MARIÑA E MONFORTE","25"
2020-09-16,"A.S. OURENSE, VERÍN E O BARCO","37"
2020-09-16,"A.S. PONTEVEDRA E O SALNÉS","28"
2020-09-16,"A.S. SANTIAGO E BARBANZA","30"
2020-09-16,"A.S. VIGO","48"
2020-09-16,"GALICIA","235"
2020-09-17,"A.S. A CORUÑA E CEE","88"
2020-09-17,"A.S. FERROL","12"
2020-09-17,"A.S. LUGO, A MARIÑA E MONFORTE","29"
2020-09-17,"A.S. OURENSE, VERÍN E O BARCO","40"
2020-09-17,"A.S. PONTEVEDRA E O SALNÉS","49"
2020-09-17,"A.S. SANTIAGO E BARBANZA","28"
2020-09-17,"A.S. VIGO","41"
2020-09-17,"GALICIA","287"
2020-09-18,"A.S. A CORUÑA E CEE","53"
2020-09-18,"A.S. FERROL","7"
2020-09-18,"A.S. LUGO, A MARIÑA E MONFORTE","27"
2020-09-18,"A.S. OURENSE, VERÍN E O BARCO","45"
2020-09-18,"A.S. PONTEVEDRA E O SALNÉS","32"
2020-09-18,"A.S. SANTIAGO E BARBANZA","39"
2020-09-18,"A.S. VIGO","40"
2020-09-18,"GALICIA","243"
2020-09-19,"A.S. A CORUÑA E CEE","71"
2020-09-19,"A.S. FERROL","12"
2020-09-19,"A.S. LUGO, A MARIÑA E MONFORTE","14"
2020-09-19,"A.S. OURENSE, VERÍN E O BARCO","29"
2020-09-19,"A.S. PONTEVEDRA E O SALNÉS","22"
2020-09-19,"A.S. SANTIAGO E BARBANZA","53"
2020-09-19,"A.S. VIGO","41"
2020-09-19,"GALICIA","242"
2020-09-20,"A.S. A CORUÑA E CEE","28"
2020-09-20,"A.S. FERROL","4"
2020-09-20,"A.S. LUGO, A MARIÑA E MONFORTE","14"
2020-09-20,"A.S. OURENSE, VERÍN E O BARCO","43"
2020-09-20,"A.S. PONTEVEDRA E O SALNÉS","36"
2020-09-20,"A.S. SANTIAGO E BARBANZA","35"
2020-09-20,"A.S. VIGO","17"
2020-09-20,"GALICIA","177"
2020-09-21,"A.S. A CORUÑA E CEE","37"
2020-09-21,"A.S. FERROL","12"
2020-09-21,"A.S. LUGO, A MARIÑA E MONFORTE","17"
2020-09-21,"A.S. OURENSE, VERÍN E O BARCO","35"
2020-09-21,"A.S. PONTEVEDRA E O SALNÉS","52"
2020-09-21,"A.S. SANTIAGO E BARBANZA","30"
2020-09-21,"A.S. VIGO","45"
2020-09-21,"GALICIA","228"
2020-09-22,"A.S. A CORUÑA E CEE","58"
2020-09-22,"A.S. FERROL","14"
2020-09-22,"A.S. LUGO, A MARIÑA E MONFORTE","33"
2020-09-22,"A.S. OURENSE, VERÍN E O BARCO","93"
2020-09-22,"A.S. PONTEVEDRA E O SALNÉS","35"
2020-09-22,"A.S. SANTIAGO E BARBANZA","27"
2020-09-22,"A.S. VIGO","34"
2020-09-22,"GALICIA","294"
2020-09-23,"A.S. A CORUÑA E CEE","44"
2020-09-23,"A.S. FERROL","5"
2020-09-23,"A.S. LUGO, A MARIÑA E MONFORTE","20"
2020-09-23,"A.S. OURENSE, VERÍN E O BARCO","38"
2020-09-23,"A.S. PONTEVEDRA E O SALNÉS","36"
2020-09-23,"A.S. SANTIAGO E BARBANZA","37"
2020-09-23,"A.S. VIGO","21"
2020-09-23,"GALICIA","201"
2020-09-24,"A.S. A CORUÑA E CEE","50"
2020-09-24,"A.S. FERROL","3"
2020-09-24,"A.S. LUGO, A MARIÑA E MONFORTE","32"
2020-09-24,"A.S. OURENSE, VERÍN E O BARCO","59"
2020-09-24,"A.S. PONTEVEDRA E O SALNÉS","45"
2020-09-24,"A.S. SANTIAGO E BARBANZA","30"
2020-09-24,"A.S. VIGO","31"
2020-09-24,"GALICIA","250"
2020-09-25,"A.S. A CORUÑA E CEE","39"
2020-09-25,"A.S. FERROL","6"
2020-09-25,"A.S. LUGO, A MARIÑA E MONFORTE","20"
2020-09-25,"A.S. OURENSE, VERÍN E O BARCO","59"
2020-09-25,"A.S. PONTEVEDRA E O SALNÉS","38"
2020-09-25,"A.S. SANTIAGO E BARBANZA","22"
2020-09-25,"A.S. VIGO","31"
2020-09-25,"GALICIA","215"
2020-09-26,"A.S. A CORUÑA E CEE","39"
2020-09-26,"A.S. FERROL","6"
2020-09-26,"A.S. LUGO, A MARIÑA E MONFORTE","25"
2020-09-26,"A.S. OURENSE, VERÍN E O BARCO","45"
2020-09-26,"A.S. PONTEVEDRA E O SALNÉS","24"
2020-09-26,"A.S. SANTIAGO E BARBANZA","52"
2020-09-26,"A.S. VIGO","23"
2020-09-26,"GALICIA","214"
2020-09-27,"A.S. A CORUÑA E CEE","39"
2020-09-27,"A.S. FERROL","9"
2020-09-27,"A.S. LUGO, A MARIÑA E MONFORTE","13"
2020-09-27,"A.S. OURENSE, VERÍN E O BARCO","41"
2020-09-27,"A.S. PONTEVEDRA E O SALNÉS","26"
2020-09-27,"A.S. SANTIAGO E BARBANZA","29"
2020-09-27,"A.S. VIGO","11"
2020-09-27,"GALICIA","168"
2020-09-28,"A.S. A CORUÑA E CEE","20"
2020-09-28,"A.S. FERROL","1"
2020-09-28,"A.S. LUGO, A MARIÑA E MONFORTE","11"
2020-09-28,"A.S. OURENSE, VERÍN E O BARCO","51"
2020-09-28,"A.S. PONTEVEDRA E O SALNÉS","9"
2020-09-28,"A.S. SANTIAGO E BARBANZA","32"
2020-09-28,"A.S. VIGO","9"
2020-09-28,"GALICIA","133"
2020-09-29,"A.S. A CORUÑA E CEE","33"
2020-09-29,"A.S. FERROL","4"
2020-09-29,"A.S. LUGO, A MARIÑA E MONFORTE","22"
2020-09-29,"A.S. OURENSE, VERÍN E O BARCO","41"
2020-09-29,"A.S. PONTEVEDRA E O SALNÉS","15"
2020-09-29,"A.S. SANTIAGO E BARBANZA","22"
2020-09-29,"A.S. VIGO","24"
2020-09-29,"GALICIA","161"
2020-09-30,"A.S. A CORUÑA E CEE","34"
2020-09-30,"A.S. FERROL","1"
2020-09-30,"A.S. LUGO, A MARIÑA E MONFORTE","19"
2020-09-30,"A.S. OURENSE, VERÍN E O BARCO","56"
2020-09-30,"A.S. PONTEVEDRA E O SALNÉS","15"
2020-09-30,"A.S. SANTIAGO E BARBANZA","32"
2020-09-30,"A.S. VIGO","24"
2020-09-30,"GALICIA","181"
2020-10-01,"A.S. A CORUÑA E CEE","26"
2020-10-01,"A.S. FERROL","3"
2020-10-01,"A.S. LUGO, A MARIÑA E MONFORTE","25"
2020-10-01,"A.S. OURENSE, VERÍN E O BARCO","84"
2020-10-01,"A.S. PONTEVEDRA E O SALNÉS","23"
2020-10-01,"A.S. SANTIAGO E BARBANZA","33"
2020-10-01,"A.S. VIGO","17"
2020-10-01,"GALICIA","211"
2020-10-02,"A.S. A CORUÑA E CEE","39"
2020-10-02,"A.S. FERROL","6"
2020-10-02,"A.S. LUGO, A MARIÑA E MONFORTE","16"
2020-10-02,"A.S. OURENSE, VERÍN E O BARCO","91"
2020-10-02,"A.S. PONTEVEDRA E O SALNÉS","15"
2020-10-02,"A.S. SANTIAGO E BARBANZA","32"
2020-10-02,"A.S. VIGO","22"
2020-10-02,"GALICIA","221"
2020-10-03,"A.S. A CORUÑA E CEE","40"
2020-10-03,"A.S. FERROL","4"
2020-10-03,"A.S. LUGO, A MARIÑA E MONFORTE","13"
2020-10-03,"A.S. OURENSE, VERÍN E O BARCO","111"
2020-10-03,"A.S. PONTEVEDRA E O SALNÉS","19"
2020-10-03,"A.S. SANTIAGO E BARBANZA","31"
2020-10-03,"A.S. VIGO","14"
2020-10-03,"GALICIA","232"
2020-10-04,"A.S. A CORUÑA E CEE","50"
2020-10-04,"A.S. FERROL","8"
2020-10-04,"A.S. LUGO, A MARIÑA E MONFORTE","14"
2020-10-04,"A.S. OURENSE, VERÍN E O BARCO","115"
2020-10-04,"A.S. PONTEVEDRA E O SALNÉS","31"
2020-10-04,"A.S. SANTIAGO E BARBANZA","34"
2020-10-04,"A.S. VIGO","10"
2020-10-04,"GALICIA","262"
2020-10-05,"A.S. A CORUÑA E CEE","16"
2020-10-05,"A.S. FERROL","5"
2020-10-05,"A.S. LUGO, A MARIÑA E MONFORTE","15"
2020-10-05,"A.S. OURENSE, VERÍN E O BARCO","63"
2020-10-05,"A.S. PONTEVEDRA E O SALNÉS","10"
2020-10-05,"A.S. SANTIAGO E BARBANZA","28"
2020-10-05,"A.S. VIGO","20"
2020-10-05,"GALICIA","157"
2020-10-06,"A.S. A CORUÑA E CEE","31"
2020-10-06,"A.S. FERROL","4"
2020-10-06,"A.S. LUGO, A MARIÑA E MONFORTE","13"
2020-10-06,"A.S. OURENSE, VERÍN E O BARCO","78"
2020-10-06,"A.S. PONTEVEDRA E O SALNÉS","23"
2020-10-06,"A.S. SANTIAGO E BARBANZA","36"
2020-10-06,"A.S. VIGO","24"
2020-10-06,"GALICIA","209"
2020-10-07,"A.S. A CORUÑA E CEE","40"
2020-10-07,"A.S. FERROL","9"
2020-10-07,"A.S. LUGO, A MARIÑA E MONFORTE","34"
2020-10-07,"A.S. OURENSE, VERÍN E O BARCO","82"
2020-10-07,"A.S. PONTEVEDRA E O SALNÉS","32"
2020-10-07,"A.S. SANTIAGO E BARBANZA","26"
2020-10-07,"A.S. VIGO","62"
2020-10-07,"GALICIA","285"
2020-10-08,"A.S. A CORUÑA E CEE","39"
2020-10-08,"A.S. FERROL","11"
2020-10-08,"A.S. LUGO, A MARIÑA E MONFORTE","28"
2020-10-08,"A.S. OURENSE, VERÍN E O BARCO","257"
2020-10-08,"A.S. PONTEVEDRA E O SALNÉS","26"
2020-10-08,"A.S. SANTIAGO E BARBANZA","61"
2020-10-08,"A.S. VIGO","36"
2020-10-08,"GALICIA","458"
2020-10-09,"A.S. A CORUÑA E CEE","33"
2020-10-09,"A.S. FERROL","15"
2020-10-09,"A.S. LUGO, A MARIÑA E MONFORTE","27"
2020-10-09,"A.S. OURENSE, VERÍN E O BARCO","177"
2020-10-09,"A.S. PONTEVEDRA E O SALNÉS","25"
2020-10-09,"A.S. SANTIAGO E BARBANZA","56"
2020-10-09,"A.S. VIGO","41"
2020-10-09,"GALICIA","374"
2020-10-10,"A.S. A CORUÑA E CEE","55"
2020-10-10,"A.S. FERROL","17"
2020-10-10,"A.S. LUGO, A MARIÑA E MONFORTE","40"
2020-10-10,"A.S. OURENSE, VERÍN E O BARCO","82"
2020-10-10,"A.S. PONTEVEDRA E O SALNÉS","23"
2020-10-10,"A.S. SANTIAGO E BARBANZA","52"
2020-10-10,"A.S. VIGO","59"
2020-10-10,"GALICIA","328"
2020-10-11,"A.S. A CORUÑA E CEE","59"
2020-10-11,"A.S. FERROL","20"
2020-10-11,"A.S. LUGO, A MARIÑA E MONFORTE","17"
2020-10-11,"A.S. OURENSE, VERÍN E O BARCO","76"
2020-10-11,"A.S. PONTEVEDRA E O SALNÉS","29"
2020-10-11,"A.S. SANTIAGO E BARBANZA","68"
2020-10-11,"A.S. VIGO","27"
2020-10-11,"GALICIA","296"
2020-10-12,"A.S. A CORUÑA E CEE","22"
2020-10-12,"A.S. FERROL","11"
2020-10-12,"A.S. LUGO, A MARIÑA E MONFORTE","26"
2020-10-12,"A.S. OURENSE, VERÍN E O BARCO","112"
2020-10-12,"A.S. PONTEVEDRA E O SALNÉS","28"
2020-10-12,"A.S. SANTIAGO E BARBANZA","28"
2020-10-12,"A.S. VIGO","30"
2020-10-12,"GALICIA","257"
2020-10-13,"A.S. A CORUÑA E CEE","46"
2020-10-13,"A.S. FERROL","9"
2020-10-13,"A.S. LUGO, A MARIÑA E MONFORTE","10"
2020-10-13,"A.S. OURENSE, VERÍN E O BARCO","71"
2020-10-13,"A.S. PONTEVEDRA E O SALNÉS","10"
2020-10-13,"A.S. SANTIAGO E BARBANZA","47"
2020-10-13,"A.S. VIGO","38"
2020-10-13,"GALICIA","231"
2020-10-14,"A.S. A CORUÑA E CEE","38"
2020-10-14,"A.S. FERROL","8"
2020-10-14,"A.S. LUGO, A MARIÑA E MONFORTE","30"
2020-10-14,"A.S. OURENSE, VERÍN E O BARCO","59"
2020-10-14,"A.S. PONTEVEDRA E O SALNÉS","20"
2020-10-14,"A.S. SANTIAGO E BARBANZA","33"
2020-10-14,"A.S. VIGO","59"
2020-10-14,"GALICIA","247"
2020-10-15,"A.S. A CORUÑA E CEE","68"
2020-10-15,"A.S. FERROL","19"
2020-10-15,"A.S. LUGO, A MARIÑA E MONFORTE","20"
2020-10-15,"A.S. OURENSE, VERÍN E O BARCO","97"
2020-10-15,"A.S. PONTEVEDRA E O SALNÉS","37"
2020-10-15,"A.S. SANTIAGO E BARBANZA","62"
2020-10-15,"A.S. VIGO","51"
2020-10-15,"GALICIA","354"
2020-10-16,"A.S. A CORUÑA E CEE","70"
2020-10-16,"A.S. FERROL","12"
2020-10-16,"A.S. LUGO, A MARIÑA E MONFORTE","13"
2020-10-16,"A.S. OURENSE, VERÍN E O BARCO","98"
2020-10-16,"A.S. PONTEVEDRA E O SALNÉS","39"
2020-10-16,"A.S. SANTIAGO E BARBANZA","67"
2020-10-16,"A.S. VIGO","78"
2020-10-16,"GALICIA","377"
2020-10-17,"A.S. A CORUÑA E CEE","71"
2020-10-17,"A.S. FERROL","37"
2020-10-17,"A.S. LUGO, A MARIÑA E MONFORTE","43"
2020-10-17,"A.S. OURENSE, VERÍN E O BARCO","73"
2020-10-17,"A.S. PONTEVEDRA E O SALNÉS","55"
2020-10-17,"A.S. SANTIAGO E BARBANZA","81"
2020-10-17,"A.S. VIGO","138"
2020-10-17,"GALICIA","498"
2020-10-18,"A.S. A CORUÑA E CEE","53"
2020-10-18,"A.S. FERROL","37"
2020-10-18,"A.S. LUGO, A MARIÑA E MONFORTE","48"
2020-10-18,"A.S. OURENSE, VERÍN E O BARCO","84"
2020-10-18,"A.S. PONTEVEDRA E O SALNÉS","36"
2020-10-18,"A.S. SANTIAGO E BARBANZA","80"
2020-10-18,"A.S. VIGO","64"
2020-10-18,"GALICIA","402"
2020-10-19,"A.S. A CORUÑA E CEE","67"
2020-10-19,"A.S. FERROL","19"
2020-10-19,"A.S. LUGO, A MARIÑA E MONFORTE","22"
2020-10-19,"A.S. OURENSE, VERÍN E O BARCO","55"
2020-10-19,"A.S. PONTEVEDRA E O SALNÉS","43"
2020-10-19,"A.S. SANTIAGO E BARBANZA","79"
2020-10-19,"A.S. VIGO","54"
2020-10-19,"GALICIA","339"
2020-10-20,"A.S. A CORUÑA E CEE","47"
2020-10-20,"A.S. FERROL","19"
2020-10-20,"A.S. LUGO, A MARIÑA E MONFORTE","43"
2020-10-20,"A.S. OURENSE, VERÍN E O BARCO","91"
2020-10-20,"A.S. PONTEVEDRA E O SALNÉS","62"
2020-10-20,"A.S. SANTIAGO E BARBANZA","96"
2020-10-20,"A.S. VIGO","125"
2020-10-20,"GALICIA","483"
2020-10-21,"A.S. A CORUÑA E CEE","65"
2020-10-21,"A.S. FERROL","42"
2020-10-21,"A.S. LUGO, A MARIÑA E MONFORTE","46"
2020-10-21,"A.S. OURENSE, VERÍN E O BARCO","65"
2020-10-21,"A.S. PONTEVEDRA E O SALNÉS","50"
2020-10-21,"A.S. SANTIAGO E BARBANZA","67"
2020-10-21,"A.S. VIGO","71"
2020-10-21,"GALICIA","406"
2020-10-22,"A.S. A CORUÑA E CEE","85"
2020-10-22,"A.S. FERROL","73"
2020-10-22,"A.S. LUGO, A MARIÑA E MONFORTE","45"
2020-10-22,"A.S. OURENSE, VERÍN E O BARCO","81"
2020-10-22,"A.S. PONTEVEDRA E O SALNÉS","41"
2020-10-22,"A.S. SANTIAGO E BARBANZA","138"
2020-10-22,"A.S. VIGO","71"
2020-10-22,"GALICIA","534"
2020-10-23,"A.S. A CORUÑA E CEE","144"
2020-10-23,"A.S. FERROL","77"
2020-10-23,"A.S. LUGO, A MARIÑA E MONFORTE","100"
2020-10-23,"A.S. OURENSE, VERÍN E O BARCO","64"
2020-10-23,"A.S. PONTEVEDRA E O SALNÉS","77"
2020-10-23,"A.S. SANTIAGO E BARBANZA","112"
2020-10-23,"A.S. VIGO","143"
2020-10-23,"GALICIA","717"
2020-10-24,"A.S. A CORUÑA E CEE","125"
2020-10-24,"A.S. FERROL","54"
2020-10-24,"A.S. LUGO, A MARIÑA E MONFORTE","70"
2020-10-24,"A.S. OURENSE, VERÍN E O BARCO","105"
2020-10-24,"A.S. PONTEVEDRA E O SALNÉS","44"
2020-10-24,"A.S. SANTIAGO E BARBANZA","91"
2020-10-24,"A.S. VIGO","98"
2020-10-24,"GALICIA","587"
2020-10-25,"A.S. A CORUÑA E CEE","65"
2020-10-25,"A.S. FERROL","50"
2020-10-25,"A.S. LUGO, A MARIÑA E MONFORTE","30"
2020-10-25,"A.S. OURENSE, VERÍN E O BARCO","158"
2020-10-25,"A.S. PONTEVEDRA E O SALNÉS","66"
2020-10-25,"A.S. SANTIAGO E BARBANZA","102"
2020-10-25,"A.S. VIGO","144"
2020-10-25,"GALICIA","615"
2020-10-26,"A.S. A CORUÑA E CEE","102"
2020-10-26,"A.S. FERROL","87"
2020-10-26,"A.S. LUGO, A MARIÑA E MONFORTE","47"
2020-10-26,"A.S. OURENSE, VERÍN E O BARCO","58"
2020-10-26,"A.S. PONTEVEDRA E O SALNÉS","42"
2020-10-26,"A.S. SANTIAGO E BARBANZA","52"
2020-10-26,"A.S. VIGO","134"
2020-10-26,"GALICIA","522"
2020-10-27,"A.S. A CORUÑA E CEE","114"
2020-10-27,"A.S. FERROL","77"
2020-10-27,"A.S. LUGO, A MARIÑA E MONFORTE","63"
2020-10-27,"A.S. OURENSE, VERÍN E O BARCO","91"
2020-10-27,"A.S. PONTEVEDRA E O SALNÉS","114"
2020-10-27,"A.S. SANTIAGO E BARBANZA","91"
2020-10-27,"A.S. VIGO","176"
2020-10-27,"GALICIA","726"
2020-10-28,"A.S. A CORUÑA E CEE","132"
2020-10-28,"A.S. FERROL","64"
2020-10-28,"A.S. LUGO, A MARIÑA E MONFORTE","47"
2020-10-28,"A.S. OURENSE, VERÍN E O BARCO","49"
2020-10-28,"A.S. PONTEVEDRA E O SALNÉS","52"
2020-10-28,"A.S. SANTIAGO E BARBANZA","114"
2020-10-28,"A.S. VIGO","176"
2020-10-28,"GALICIA","634"
2020-10-29,"A.S. A CORUÑA E CEE","92"
2020-10-29,"A.S. FERROL","95"
2020-10-29,"A.S. LUGO, A MARIÑA E MONFORTE","64"
2020-10-29,"A.S. OURENSE, VERÍN E O BARCO","85"
2020-10-29,"A.S. PONTEVEDRA E O SALNÉS","67"
2020-10-29,"A.S. SANTIAGO E BARBANZA","107"
2020-10-29,"A.S. VIGO","140"
2020-10-29,"GALICIA","650"
2020-10-30,"A.S. A CORUÑA E CEE","164"
2020-10-30,"A.S. FERROL","69"
2020-10-30,"A.S. LUGO, A MARIÑA E MONFORTE","133"
2020-10-30,"A.S. OURENSE, VERÍN E O BARCO","48"
2020-10-30,"A.S. PONTEVEDRA E O SALNÉS","58"
2020-10-30,"A.S. SANTIAGO E BARBANZA","95"
2020-10-30,"A.S. VIGO","213"
2020-10-30,"GALICIA","780"
2020-10-31,"A.S. A CORUÑA E CEE","104"
2020-10-31,"A.S. FERROL","126"
2020-10-31,"A.S. LUGO, A MARIÑA E MONFORTE","98"
2020-10-31,"A.S. OURENSE, VERÍN E O BARCO","45"
2020-10-31,"A.S. PONTEVEDRA E O SALNÉS","144"
2020-10-31,"A.S. SANTIAGO E BARBANZA","81"
2020-10-31,"A.S. VIGO","188"
2020-10-31,"GALICIA","786"
2020-11-01,"A.S. A CORUÑA E CEE","122"
2020-11-01,"A.S. FERROL","64"
2020-11-01,"A.S. LUGO, A MARIÑA E MONFORTE","28"
2020-11-01,"A.S. OURENSE, VERÍN E O BARCO","81"
2020-11-01,"A.S. PONTEVEDRA E O SALNÉS","88"
2020-11-01,"A.S. SANTIAGO E BARBANZA","53"
2020-11-01,"A.S. VIGO","103"
2020-11-01,"GALICIA","539"
2020-11-02,"A.S. A CORUÑA E CEE","79"
2020-11-02,"A.S. FERROL","56"
2020-11-02,"A.S. LUGO, A MARIÑA E MONFORTE","30"
2020-11-02,"A.S. OURENSE, VERÍN E O BARCO","45"
2020-11-02,"A.S. PONTEVEDRA E O SALNÉS","53"
2020-11-02,"A.S. SANTIAGO E BARBANZA","53"
2020-11-02,"A.S. VIGO","126"
2020-11-02,"GALICIA","442"
2020-11-03,"A.S. A CORUÑA E CEE","101"
2020-11-03,"A.S. FERROL","53"
2020-11-03,"A.S. LUGO, A MARIÑA E MONFORTE","89"
2020-11-03,"A.S. OURENSE, VERÍN E O BARCO","37"
2020-11-03,"A.S. PONTEVEDRA E O SALNÉS","78"
2020-11-03,"A.S. SANTIAGO E BARBANZA","92"
2020-11-03,"A.S. VIGO","152"
2020-11-03,"GALICIA","602"
2020-11-04,"A.S. A CORUÑA E CEE","132"
2020-11-04,"A.S. FERROL","79"
2020-11-04,"A.S. LUGO, A MARIÑA E MONFORTE","61"
2020-11-04,"A.S. OURENSE, VERÍN E O BARCO","41"
2020-11-04,"A.S. PONTEVEDRA E O SALNÉS","93"
2020-11-04,"A.S. SANTIAGO E BARBANZA","68"
2020-11-04,"A.S. VIGO","258"
2020-11-04,"GALICIA","732"
2020-11-05,"A.S. A CORUÑA E CEE","148"
2020-11-05,"A.S. FERROL","56"
2020-11-05,"A.S. LUGO, A MARIÑA E MONFORTE","133"
2020-11-05,"A.S. OURENSE, VERÍN E O BARCO","70"
2020-11-05,"A.S. PONTEVEDRA E O SALNÉS","81"
2020-11-05,"A.S. SANTIAGO E BARBANZA","72"
2020-11-05,"A.S. VIGO","164"
2020-11-05,"GALICIA","724"
2020-11-06,"A.S. A CORUÑA E CEE","151"
2020-11-06,"A.S. FERROL","45"
2020-11-06,"A.S. LUGO, A MARIÑA E MONFORTE","78"
2020-11-06,"A.S. OURENSE, VERÍN E O BARCO","49"
2020-11-06,"A.S. PONTEVEDRA E O SALNÉS","67"
2020-11-06,"A.S. SANTIAGO E BARBANZA","74"
2020-11-06,"A.S. VIGO","158"
2020-11-06,"GALICIA","622"
2020-11-07,"A.S. A CORUÑA E CEE","111"
2020-11-07,"A.S. FERROL","36"
2020-11-07,"A.S. LUGO, A MARIÑA E MONFORTE","68"
2020-11-07,"A.S. OURENSE, VERÍN E O BARCO","48"
2020-11-07,"A.S. PONTEVEDRA E O SALNÉS","71"
2020-11-07,"A.S. SANTIAGO E BARBANZA","63"
2020-11-07,"A.S. VIGO","123"
2020-11-07,"GALICIA","520"
2020-11-08,"A.S. A CORUÑA E CEE","119"
2020-11-08,"A.S. FERROL","18"
2020-11-08,"A.S. LUGO, A MARIÑA E MONFORTE","56"
2020-11-08,"A.S. OURENSE, VERÍN E O BARCO","36"
2020-11-08,"A.S. PONTEVEDRA E O SALNÉS","63"
2020-11-08,"A.S. SANTIAGO E BARBANZA","44"
2020-11-08,"A.S. VIGO","58"
2020-11-08,"GALICIA","394"
2020-11-09,"A.S. A CORUÑA E CEE","92"
2020-11-09,"A.S. FERROL","27"
2020-11-09,"A.S. LUGO, A MARIÑA E MONFORTE","36"
2020-11-09,"A.S. OURENSE, VERÍN E O BARCO","30"
2020-11-09,"A.S. PONTEVEDRA E O SALNÉS","38"
2020-11-09,"A.S. SANTIAGO E BARBANZA","42"
2020-11-09,"A.S. VIGO","150"
2020-11-09,"GALICIA","415"
2020-11-10,"A.S. A CORUÑA E CEE","86"
2020-11-10,"A.S. FERROL","27"
2020-11-10,"A.S. LUGO, A MARIÑA E MONFORTE","53"
2020-11-10,"A.S. OURENSE, VERÍN E O BARCO","44"
2020-11-10,"A.S. PONTEVEDRA E O SALNÉS","68"
2020-11-10,"A.S. SANTIAGO E BARBANZA","71"
2020-11-10,"A.S. VIGO","95"
2020-11-10,"GALICIA","444"
2020-11-11,"A.S. A CORUÑA E CEE","118"
2020-11-11,"A.S. FERROL","39"
2020-11-11,"A.S. LUGO, A MARIÑA E MONFORTE","52"
2020-11-11,"A.S. OURENSE, VERÍN E O BARCO","43"
2020-11-11,"A.S. PONTEVEDRA E O SALNÉS","55"
2020-11-11,"A.S. SANTIAGO E BARBANZA","71"
2020-11-11,"A.S. VIGO","167"
2020-11-11,"GALICIA","545"
2020-11-12,"A.S. A CORUÑA E CEE","122"
2020-11-12,"A.S. FERROL","44"
2020-11-12,"A.S. LUGO, A MARIÑA E MONFORTE","44"
2020-11-12,"A.S. OURENSE, VERÍN E O BARCO","43"
2020-11-12,"A.S. PONTEVEDRA E O SALNÉS","76"
2020-11-12,"A.S. SANTIAGO E BARBANZA","79"
2020-11-12,"A.S. VIGO","262"
2020-11-12,"GALICIA","670"
2020-11-13,"A.S. A CORUÑA E CEE","97"
2020-11-13,"A.S. FERROL","42"
2020-11-13,"A.S. LUGO, A MARIÑA E MONFORTE","134"
2020-11-13,"A.S. OURENSE, VERÍN E O BARCO","37"
2020-11-13,"A.S. PONTEVEDRA E O SALNÉS","75"
2020-11-13,"A.S. SANTIAGO E BARBANZA","66"
2020-11-13,"A.S. VIGO","181"
2020-11-13,"GALICIA","632"
2020-11-14,"A.S. A CORUÑA E CEE","83"
2020-11-14,"A.S. FERROL","19"
2020-11-14,"A.S. LUGO, A MARIÑA E MONFORTE","43"
2020-11-14,"A.S. OURENSE, VERÍN E O BARCO","47"
2020-11-14,"A.S. PONTEVEDRA E O SALNÉS","36"
2020-11-14,"A.S. SANTIAGO E BARBANZA","41"
2020-11-14,"A.S. VIGO","131"
2020-11-14,"GALICIA","400"
2020-11-15,"A.S. A CORUÑA E CEE","120"
2020-11-15,"A.S. FERROL","40"
2020-11-15,"A.S. LUGO, A MARIÑA E MONFORTE","76"
2020-11-15,"A.S. OURENSE, VERÍN E O BARCO","26"
2020-11-15,"A.S. PONTEVEDRA E O SALNÉS","70"
2020-11-15,"A.S. SANTIAGO E BARBANZA","60"
2020-11-15,"A.S. VIGO","104"
2020-11-15,"GALICIA","496"
2020-11-16,"A.S. A CORUÑA E CEE","88"
2020-11-16,"A.S. FERROL","31"
2020-11-16,"A.S. LUGO, A MARIÑA E MONFORTE","73"
2020-11-16,"A.S. OURENSE, VERÍN E O BARCO","30"
2020-11-16,"A.S. PONTEVEDRA E O SALNÉS","60"
2020-11-16,"A.S. SANTIAGO E BARBANZA","46"
2020-11-16,"A.S. VIGO","82"
2020-11-16,"GALICIA","410"
2020-11-17,"A.S. A CORUÑA E CEE","125"
2020-11-17,"A.S. FERROL","16"
2020-11-17,"A.S. LUGO, A MARIÑA E MONFORTE","51"
2020-11-17,"A.S. OURENSE, VERÍN E O BARCO","31"
2020-11-17,"A.S. PONTEVEDRA E O SALNÉS","73"
2020-11-17,"A.S. SANTIAGO E BARBANZA","72"
2020-11-17,"A.S. VIGO","164"
2020-11-17,"GALICIA","532"
2020-11-18,"A.S. A CORUÑA E CEE","122"
2020-11-18,"A.S. FERROL","36"
2020-11-18,"A.S. LUGO, A MARIÑA E MONFORTE","40"
2020-11-18,"A.S. OURENSE, VERÍN E O BARCO","45"
2020-11-18,"A.S. PONTEVEDRA E O SALNÉS","72"
2020-11-18,"A.S. SANTIAGO E BARBANZA","71"
2020-11-18,"A.S. VIGO","243"
2020-11-18,"GALICIA","629"
2020-11-19,"A.S. A CORUÑA E CEE","113"
2020-11-19,"A.S. FERROL","48"
2020-11-19,"A.S. LUGO, A MARIÑA E MONFORTE","178"
2020-11-19,"A.S. OURENSE, VERÍN E O BARCO","40"
2020-11-19,"A.S. PONTEVEDRA E O SALNÉS","85"
2020-11-19,"A.S. SANTIAGO E BARBANZA","79"
2020-11-19,"A.S. VIGO","157"
2020-11-19,"GALICIA","700"
2020-11-20,"A.S. A CORUÑA E CEE","94"
2020-11-20,"A.S. FERROL","36"
2020-11-20,"A.S. LUGO, A MARIÑA E MONFORTE","66"
2020-11-20,"A.S. OURENSE, VERÍN E O BARCO","41"
2020-11-20,"A.S. PONTEVEDRA E O SALNÉS","81"
2020-11-20,"A.S. SANTIAGO E BARBANZA","66"
2020-11-20,"A.S. VIGO","150"
2020-11-20,"GALICIA","534"
2020-11-21,"A.S. A CORUÑA E CEE","90"
2020-11-21,"A.S. FERROL","54"
2020-11-21,"A.S. LUGO, A MARIÑA E MONFORTE","42"
2020-11-21,"A.S. OURENSE, VERÍN E O BARCO","27"
2020-11-21,"A.S. PONTEVEDRA E O SALNÉS","77"
2020-11-21,"A.S. SANTIAGO E BARBANZA","44"
2020-11-21,"A.S. VIGO","80"
2020-11-21,"GALICIA","414"
2020-11-22,"A.S. A CORUÑA E CEE","82"
2020-11-22,"A.S. FERROL","37"
2020-11-22,"A.S. LUGO, A MARIÑA E MONFORTE","62"
2020-11-22,"A.S. OURENSE, VERÍN E O BARCO","15"
2020-11-22,"A.S. PONTEVEDRA E O SALNÉS","69"
2020-11-22,"A.S. SANTIAGO E BARBANZA","54"
2020-11-22,"A.S. VIGO","51"
2020-11-22,"GALICIA","370"
2020-11-23,"A.S. A CORUÑA E CEE","72"
2020-11-23,"A.S. FERROL","16"
2020-11-23,"A.S. LUGO, A MARIÑA E MONFORTE","39"
2020-11-23,"A.S. OURENSE, VERÍN E O BARCO","22"
2020-11-23,"A.S. PONTEVEDRA E O SALNÉS","58"
2020-11-23,"A.S. SANTIAGO E BARBANZA","44"
2020-11-23,"A.S. VIGO","120"
2020-11-23,"GALICIA","371"
2020-11-24,"A.S. A CORUÑA E CEE","82"
2020-11-24,"A.S. FERROL","23"
2020-11-24,"A.S. LUGO, A MARIÑA E MONFORTE","32"
2020-11-24,"A.S. OURENSE, VERÍN E O BARCO","38"
2020-11-24,"A.S. PONTEVEDRA E O SALNÉS","42"
2020-11-24,"A.S. SANTIAGO E BARBANZA","35"
2020-11-24,"A.S. VIGO","161"
2020-11-24,"GALICIA","413"
2020-11-25,"A.S. A CORUÑA E CEE","76"
2020-11-25,"A.S. FERROL","45"
2020-11-25,"A.S. LUGO, A MARIÑA E MONFORTE","43"
2020-11-25,"A.S. OURENSE, VERÍN E O BARCO","9"
2020-11-25,"A.S. PONTEVEDRA E O SALNÉS","62"
2020-11-25,"A.S. SANTIAGO E BARBANZA","50"
2020-11-25,"A.S. VIGO","121"
2020-11-25,"GALICIA","406"
2020-11-26,"A.S. A CORUÑA E CEE","108"
2020-11-26,"A.S. FERROL","55"
2020-11-26,"A.S. LUGO, A MARIÑA E MONFORTE","37"
2020-11-26,"A.S. OURENSE, VERÍN E O BARCO","17"
2020-11-26,"A.S. PONTEVEDRA E O SALNÉS","47"
2020-11-26,"A.S. SANTIAGO E BARBANZA","62"
2020-11-26,"A.S. VIGO","107"
2020-11-26,"GALICIA","433"
2020-11-27,"A.S. A CORUÑA E CEE","56"
2020-11-27,"A.S. FERROL","29"
2020-11-27,"A.S. LUGO, A MARIÑA E MONFORTE","61"
2020-11-27,"A.S. OURENSE, VERÍN E O BARCO","17"
2020-11-27,"A.S. PONTEVEDRA E O SALNÉS","58"
2020-11-27,"A.S. SANTIAGO E BARBANZA","33"
2020-11-27,"A.S. VIGO","91"
2020-11-27,"GALICIA","345"
2020-11-28,"A.S. A CORUÑA E CEE","71"
2020-11-28,"A.S. FERROL","19"
2020-11-28,"A.S. LUGO, A MARIÑA E MONFORTE","32"
2020-11-28,"A.S. OURENSE, VERÍN E O BARCO","9"
2020-11-28,"A.S. PONTEVEDRA E O SALNÉS","55"
2020-11-28,"A.S. SANTIAGO E BARBANZA","40"
2020-11-28,"A.S. VIGO","87"
2020-11-28,"GALICIA","313"
2020-11-29,"A.S. A CORUÑA E CEE","46"
2020-11-29,"A.S. FERROL","14"
2020-11-29,"A.S. LUGO, A MARIÑA E MONFORTE","31"
2020-11-29,"A.S. OURENSE, VERÍN E O BARCO","13"
2020-11-29,"A.S. PONTEVEDRA E O SALNÉS","75"
2020-11-29,"A.S. SANTIAGO E BARBANZA","22"
2020-11-29,"A.S. VIGO","34"
2020-11-29,"GALICIA","235"
2020-11-30,"A.S. A CORUÑA E CEE","51"
2020-11-30,"A.S. FERROL","19"
2020-11-30,"A.S. LUGO, A MARIÑA E MONFORTE","31"
2020-11-30,"A.S. OURENSE, VERÍN E O BARCO","14"
2020-11-30,"A.S. PONTEVEDRA E O SALNÉS","29"
2020-11-30,"A.S. SANTIAGO E BARBANZA","31"
2020-11-30,"A.S. VIGO","88"
2020-11-30,"GALICIA","263"
2020-12-01,"A.S. A CORUÑA E CEE","51"
2020-12-01,"A.S. FERROL","33"
2020-12-01,"A.S. LUGO, A MARIÑA E MONFORTE","42"
2020-12-01,"A.S. OURENSE, VERÍN E O BARCO","16"
2020-12-01,"A.S. PONTEVEDRA E O SALNÉS","39"
2020-12-01,"A.S. SANTIAGO E BARBANZA","42"
2020-12-01,"A.S. VIGO","119"
2020-12-01,"GALICIA","342"
2020-12-02,"A.S. A CORUÑA E CEE","72"
2020-12-02,"A.S. FERROL","12"
2020-12-02,"A.S. LUGO, A MARIÑA E MONFORTE","34"
2020-12-02,"A.S. OURENSE, VERÍN E O BARCO","39"
2020-12-02,"A.S. PONTEVEDRA E O SALNÉS","35"
2020-12-02,"A.S. SANTIAGO E BARBANZA","45"
2020-12-02,"A.S. VIGO","100"
2020-12-02,"GALICIA","337"
2020-12-03,"A.S. A CORUÑA E CEE","63"
2020-12-03,"A.S. FERROL","27"
2020-12-03,"A.S. LUGO, A MARIÑA E MONFORTE","27"
2020-12-03,"A.S. OURENSE, VERÍN E O BARCO","21"
2020-12-03,"A.S. PONTEVEDRA E O SALNÉS","27"
2020-12-03,"A.S. SANTIAGO E BARBANZA","51"
2020-12-03,"A.S. VIGO","120"
2020-12-03,"GALICIA","336"
2020-12-04,"A.S. A CORUÑA E CEE","46"
2020-12-04,"A.S. FERROL","30"
2020-12-04,"A.S. LUGO, A MARIÑA E MONFORTE","52"
2020-12-04,"A.S. OURENSE, VERÍN E O BARCO","19"
2020-12-04,"A.S. PONTEVEDRA E O SALNÉS","42"
2020-12-04,"A.S. SANTIAGO E BARBANZA","45"
2020-12-04,"A.S. VIGO","62"
2020-12-04,"GALICIA","296"
2020-12-05,"A.S. A CORUÑA E CEE","50"
2020-12-05,"A.S. FERROL","40"
2020-12-05,"A.S. LUGO, A MARIÑA E MONFORTE","16"
2020-12-05,"A.S. OURENSE, VERÍN E O BARCO","19"
2020-12-05,"A.S. PONTEVEDRA E O SALNÉS","31"
2020-12-05,"A.S. SANTIAGO E BARBANZA","50"
2020-12-05,"A.S. VIGO","88"
2020-12-05,"GALICIA","294"
2020-12-06,"A.S. A CORUÑA E CEE","37"
2020-12-06,"A.S. FERROL","24"
2020-12-06,"A.S. LUGO, A MARIÑA E MONFORTE","24"
2020-12-06,"A.S. OURENSE, VERÍN E O BARCO","19"
2020-12-06,"A.S. PONTEVEDRA E O SALNÉS","35"
2020-12-06,"A.S. SANTIAGO E BARBANZA","45"
2020-12-06,"A.S. VIGO","52"
2020-12-06,"GALICIA","236"
2020-12-07,"A.S. A CORUÑA E CEE","32"
2020-12-07,"A.S. FERROL","17"
2020-12-07,"A.S. LUGO, A MARIÑA E MONFORTE","27"
2020-12-07,"A.S. OURENSE, VERÍN E O BARCO","18"
2020-12-07,"A.S. PONTEVEDRA E O SALNÉS","37"
2020-12-07,"A.S. SANTIAGO E BARBANZA","42"
2020-12-07,"A.S. VIGO","68"
2020-12-07,"GALICIA","241"
2020-12-08,"A.S. A CORUÑA E CEE","54"
2020-12-08,"A.S. FERROL","54"
2020-12-08,"A.S. LUGO, A MARIÑA E MONFORTE","19"
2020-12-08,"A.S. OURENSE, VERÍN E O BARCO","39"
2020-12-08,"A.S. PONTEVEDRA E O SALNÉS","50"
2020-12-08,"A.S. SANTIAGO E BARBANZA","58"
2020-12-08,"A.S. VIGO","73"
2020-12-08,"GALICIA","347"
2020-12-09,"A.S. A CORUÑA E CEE","23"
2020-12-09,"A.S. FERROL","8"
2020-12-09,"A.S. LUGO, A MARIÑA E MONFORTE","14"
2020-12-09,"A.S. OURENSE, VERÍN E O BARCO","29"
2020-12-09,"A.S. PONTEVEDRA E O SALNÉS","32"
2020-12-09,"A.S. SANTIAGO E BARBANZA","59"
2020-12-09,"A.S. VIGO","54"
2020-12-09,"GALICIA","219"
2020-12-10,"A.S. A CORUÑA E CEE","37"
2020-12-10,"A.S. FERROL","26"
2020-12-10,"A.S. LUGO, A MARIÑA E MONFORTE","30"
2020-12-10,"A.S. OURENSE, VERÍN E O BARCO","30"
2020-12-10,"A.S. PONTEVEDRA E O SALNÉS","54"
2020-12-10,"A.S. SANTIAGO E BARBANZA","53"
2020-12-10,"A.S. VIGO","133"
2020-12-10,"GALICIA","363"
2020-12-11,"A.S. A CORUÑA E CEE","46"
2020-12-11,"A.S. FERROL","41"
2020-12-11,"A.S. LUGO, A MARIÑA E MONFORTE","25"
2020-12-11,"A.S. OURENSE, VERÍN E O BARCO","35"
2020-12-11,"A.S. PONTEVEDRA E O SALNÉS","43"
2020-12-11,"A.S. SANTIAGO E BARBANZA","72"
2020-12-11,"A.S. VIGO","51"
2020-12-11,"GALICIA","313"
2020-12-12,"A.S. A CORUÑA E CEE","50"
2020-12-12,"A.S. FERROL","28"
2020-12-12,"A.S. LUGO, A MARIÑA E MONFORTE","16"
2020-12-12,"A.S. OURENSE, VERÍN E O BARCO","50"
2020-12-12,"A.S. PONTEVEDRA E O SALNÉS","58"
2020-12-12,"A.S. SANTIAGO E BARBANZA","70"
2020-12-12,"A.S. VIGO","90"
2020-12-12,"GALICIA","362"
2020-12-13,"A.S. A CORUÑA E CEE","34"
2020-12-13,"A.S. FERROL","29"
2020-12-13,"A.S. LUGO, A MARIÑA E MONFORTE","13"
2020-12-13,"A.S. OURENSE, VERÍN E O BARCO","25"
2020-12-13,"A.S. PONTEVEDRA E O SALNÉS","46"
2020-12-13,"A.S. SANTIAGO E BARBANZA","75"
2020-12-13,"A.S. VIGO","53"
2020-12-13,"GALICIA","275"
2020-12-14,"A.S. A CORUÑA E CEE","27"
2020-12-14,"A.S. FERROL","22"
2020-12-14,"A.S. LUGO, A MARIÑA E MONFORTE","12"
2020-12-14,"A.S. OURENSE, VERÍN E O BARCO","13"
2020-12-14,"A.S. PONTEVEDRA E O SALNÉS","67"
2020-12-14,"A.S. SANTIAGO E BARBANZA","49"
2020-12-14,"A.S. VIGO","44"
2020-12-14,"GALICIA","234"
2020-12-15,"A.S. A CORUÑA E CEE","54"
2020-12-15,"A.S. FERROL","32"
2020-12-15,"A.S. LUGO, A MARIÑA E MONFORTE","31"
2020-12-15,"A.S. OURENSE, VERÍN E O BARCO","39"
2020-12-15,"A.S. PONTEVEDRA E O SALNÉS","23"
2020-12-15,"A.S. SANTIAGO E BARBANZA","99"
2020-12-15,"A.S. VIGO","115"
2020-12-15,"GALICIA","393"
2020-12-16,"A.S. A CORUÑA E CEE","41"
2020-12-16,"A.S. FERROL","18"
2020-12-16,"A.S. LUGO, A MARIÑA E MONFORTE","18"
2020-12-16,"A.S. OURENSE, VERÍN E O BARCO","40"
2020-12-16,"A.S. PONTEVEDRA E O SALNÉS","62"
2020-12-16,"A.S. SANTIAGO E BARBANZA","110"
2020-12-16,"A.S. VIGO","94"
2020-12-16,"GALICIA","383"
2020-12-17,"A.S. A CORUÑA E CEE","70"
2020-12-17,"A.S. FERROL","22"
2020-12-17,"A.S. LUGO, A MARIÑA E MONFORTE","14"
2020-12-17,"A.S. OURENSE, VERÍN E O BARCO","41"
2020-12-17,"A.S. PONTEVEDRA E O SALNÉS","58"
2020-12-17,"A.S. SANTIAGO E BARBANZA","77"
2020-12-17,"A.S. VIGO","83"
2020-12-17,"GALICIA","365"
2020-12-18,"A.S. A CORUÑA E CEE","68"
2020-12-18,"A.S. FERROL","10"
2020-12-18,"A.S. LUGO, A MARIÑA E MONFORTE","24"
2020-12-18,"A.S. OURENSE, VERÍN E O BARCO","17"
2020-12-18,"A.S. PONTEVEDRA E O SALNÉS","73"
2020-12-18,"A.S. SANTIAGO E BARBANZA","86"
2020-12-18,"A.S. VIGO","87"
2020-12-18,"GALICIA","365"
2020-12-19,"A.S. A CORUÑA E CEE","51"
2020-12-19,"A.S. FERROL","12"
2020-12-19,"A.S. LUGO, A MARIÑA E MONFORTE","27"
2020-12-19,"A.S. OURENSE, VERÍN E O BARCO","19"
2020-12-19,"A.S. PONTEVEDRA E O SALNÉS","41"
2020-12-19,"A.S. SANTIAGO E BARBANZA","60"
2020-12-19,"A.S. VIGO","75"
2020-12-19,"GALICIA","285"
2020-12-20,"A.S. A CORUÑA E CEE","27"
2020-12-20,"A.S. FERROL","17"
2020-12-20,"A.S. LUGO, A MARIÑA E MONFORTE","20"
2020-12-20,"A.S. OURENSE, VERÍN E O BARCO","44"
2020-12-20,"A.S. PONTEVEDRA E O SALNÉS","21"
2020-12-20,"A.S. SANTIAGO E BARBANZA","58"
2020-12-20,"A.S. VIGO","60"
2020-12-20,"GALICIA","247"
2020-12-21,"A.S. A CORUÑA E CEE","14"
2020-12-21,"A.S. FERROL","11"
2020-12-21,"A.S. LUGO, A MARIÑA E MONFORTE","7"
2020-12-21,"A.S. OURENSE, VERÍN E O BARCO","32"
2020-12-21,"A.S. PONTEVEDRA E O SALNÉS","30"
2020-12-21,"A.S. SANTIAGO E BARBANZA","40"
2020-12-21,"A.S. VIGO","56"
2020-12-21,"GALICIA","190"
2020-12-22,"A.S. A CORUÑA E CEE","65"
2020-12-22,"A.S. FERROL","14"
2020-12-22,"A.S. LUGO, A MARIÑA E MONFORTE","26"
2020-12-22,"A.S. OURENSE, VERÍN E O BARCO","32"
2020-12-22,"A.S. PONTEVEDRA E O SALNÉS","38"
2020-12-22,"A.S. SANTIAGO E BARBANZA","72"
2020-12-22,"A.S. VIGO","70"
2020-12-22,"GALICIA","317"
2020-12-23,"A.S. A CORUÑA E CEE","34"
2020-12-23,"A.S. FERROL","12"
2020-12-23,"A.S. LUGO, A MARIÑA E MONFORTE","32"
2020-12-23,"A.S. OURENSE, VERÍN E O BARCO","21"
2020-12-23,"A.S. PONTEVEDRA E O SALNÉS","39"
2020-12-23,"A.S. SANTIAGO E BARBANZA","80"
2020-12-23,"A.S. VIGO","89"
2020-12-23,"GALICIA","307"
