Fecha,Area_Sanitaria,Hospital,Tipo_Hospital,Camas_Ocupadas_HOS,Camas_Ocupadas_UC
2020-12-10 18:00:00,"A.S. A CORUÑA E CEE","CENTRO ONCOLOXICO DE GALICIA","PRIVADO","0","0"
2020-12-10 18:00:00,"A.S. A CORUÑA E CEE","C.H.U. A CORUÑA","PÚBLICO","71","13"
2020-12-10 18:00:00,"A.S. A CORUÑA E CEE","HM MODELO-BELEN","PRIVADO","2","0"
2020-12-10 18:00:00,"A.S. A CORUÑA E CEE","HOSPITAL QUIRONSALUD A CORUÑA","PRIVADO","1","0"
2020-12-10 18:00:00,"A.S. A CORUÑA E CEE","HOSPITAL SAN RAFAEL","PRIVADO","0","0"
2020-12-10 18:00:00,"A.S. A CORUÑA E CEE","H.PUBLICO VIRXE DA XUNQUEIRA","PÚBLICO","4","0"
2020-12-10 18:00:00,"A.S. FERROL","C.H.U. DE FERROL","PÚBLICO","28","3"
2020-12-10 18:00:00,"A.S. FERROL","HOSPITAL JUAN CARDONA","PRIVADO","0","0"
2020-12-10 18:00:00,"A.S. LUGO, A MARIÑA E MONFORTE","C.H.U. DE LUGO","PÚBLICO","14","4"
2020-12-10 18:00:00,"A.S. LUGO, A MARIÑA E MONFORTE","HOSPITAL POLUSA","PRIVADO","0","0"
2020-12-10 18:00:00,"A.S. LUGO, A MARIÑA E MONFORTE","H.PUBLICO DA MARIÑA","PÚBLICO","5","0"
2020-12-10 18:00:00,"A.S. LUGO, A MARIÑA E MONFORTE","H.PUBLICO DE MONFORTE","PÚBLICO","4","0"
2020-12-10 18:00:00,"A.S. LUGO, A MARIÑA E MONFORTE","SANATORIO NOSA SEÑORA DOS OLLOS GRANDES","PRIVADO","0","0"
2020-12-10 18:00:00,"A.S. OURENSE, VERÍN E O BARCO","CENTRO MÉDICO DEL CARMEN, S.A","PRIVADO","0","0"
2020-12-10 18:00:00,"A.S. OURENSE, VERÍN E O BARCO","C.H.U. DE OURENSE","PÚBLICO","20","2"
2020-12-10 18:00:00,"A.S. OURENSE, VERÍN E O BARCO","CLINICA SANTA TERESA","PRIVADO","0","0"
2020-12-10 18:00:00,"A.S. OURENSE, VERÍN E O BARCO","H.PUBLICO DE VALDEORRAS","PÚBLICO","4","0"
2020-12-10 18:00:00,"A.S. OURENSE, VERÍN E O BARCO","H.PUBLICO DE VERIN","PÚBLICO","2","0"
2020-12-10 18:00:00,"A.S. PONTEVEDRA E O SALNÉS","C.H.U. DE PONTEVEDRA","PÚBLICO","33","10"
2020-12-10 18:00:00,"A.S. PONTEVEDRA E O SALNÉS","HOSPITAL QUIRONSALUD MIGUEL DOMINGUEZ","PRIVADO","3","0"
2020-12-10 18:00:00,"A.S. PONTEVEDRA E O SALNÉS","H.PUBLICO DO SALNES","PÚBLICO","6","0"
2020-12-10 18:00:00,"A.S. SANTIAGO E BARBANZA","C.H.U. DE SANTIAGO","PÚBLICO","51","7"
2020-12-10 18:00:00,"A.S. SANTIAGO E BARBANZA","HOSPITAL HM ROSALEDA - HM LA ESPERANZA","PRIVADO","1","0"
2020-12-10 18:00:00,"A.S. SANTIAGO E BARBANZA","H.PUBLICO DA BARBANZA","PÚBLICO","0","0"
2020-12-10 18:00:00,"A.S. VIGO","CENTRO MEDICO PINTADO","PRIVADO","0","0"
2020-12-10 18:00:00,"A.S. VIGO","C.H.U. DE VIGO","PÚBLICO","43","7"
2020-12-10 18:00:00,"A.S. VIGO","CONCHEIRO CENTRO MEDICO QUIRURGICO","PRIVADO","0","0"
2020-12-10 18:00:00,"A.S. VIGO","CONCHEIRO CENTRO MEDICO QUIRURGICO - AVDA. MADRID","PRIVADO","0","0"
2020-12-10 18:00:00,"A.S. VIGO","CONCHEIRO CENTRO MEDICO QUIRURGICO - RUA MANUEL OLIVIE","PRIVADO","0","0"
2020-12-10 18:00:00,"A.S. VIGO","FREMAP, HOSPITAL DE VIGO","PRIVADO","0","0"
2020-12-10 18:00:00,"A.S. VIGO","HOSPITAL HM VIGO","PRIVADO","0","0"
2020-12-10 18:00:00,"A.S. VIGO","HOSPITAL POVISA","PRIVADO","16","4"
2020-12-10 18:00:00,"A.S. VIGO","VITHAS HOSPITAL NOSA SEÑORA DE FATIMA","PRIVADO","1","1"
2020-12-10 18:00:00,"GALICIA","-","-","309","51"
