Fecha;ID;NOME;CASOS;NIVEL
03-02-2021;34121515001;ABEGONDO; 52;Incidencia acumulada para o concello: >250
03-02-2021;34121515002;AMES; 201;Incidencia acumulada para o concello: >250
03-02-2021;34121515003;ARANGA; entre 1 e 9;Incidencia acumulada para o concello: >50 e <=150
03-02-2021;34121515004;ARES; 49;Incidencia acumulada para o concello: >250
03-02-2021;34121515005;ARTEIXO; 485;Incidencia acumulada para o concello: >250
03-02-2021;34121515006;ARZUA; 63;Incidencia acumulada para o concello: >250
03-02-2021;34121515007;BAÑA (A); 13;Incidencia acumulada para o concello: >250
03-02-2021;34121515008;BERGONDO; 53;Incidencia acumulada para o concello: >250
03-02-2021;34121515009;BETANZOS; 215;Incidencia acumulada para o concello: >250
03-02-2021;34121515010;BOIMORTO; 11;Incidencia acumulada para o concello: >250
03-02-2021;34121515011;BOIRO; 49;Incidencia acumulada para o concello: >250
03-02-2021;34121515012;BOQUEIXON; 95;Incidencia acumulada para o concello: >250
03-02-2021;34121515013;BRION; 45;Incidencia acumulada para o concello: >250
03-02-2021;34121515014;CABANA DE BERGANTIÑOS; 19;Incidencia acumulada para o concello: >250
03-02-2021;34121515015;CABANAS; 74;Incidencia acumulada para o concello: >250
03-02-2021;34121515016;CAMARIÑAS; 29;Incidencia acumulada para o concello: >250
03-02-2021;34121515017;CAMBRE; 250;Incidencia acumulada para o concello: >250
03-02-2021;34121515018;CAPELA (A); 10;Incidencia acumulada para o concello: >250
03-02-2021;34121515019;CARBALLO; 328;Incidencia acumulada para o concello: >250
03-02-2021;34121515020;CARNOTA; 20;Incidencia acumulada para o concello: >250
03-02-2021;34121515021;CARRAL; 50;Incidencia acumulada para o concello: >250
03-02-2021;34121515022;CEDEIRA; 90;Incidencia acumulada para o concello: >250
03-02-2021;34121515023;CEE; 46;Incidencia acumulada para o concello: >250
03-02-2021;34121515024;CERCEDA; 52;Incidencia acumulada para o concello: >250
03-02-2021;34121515025;CERDIDO; 10;Incidencia acumulada para o concello: >250
03-02-2021;34121515027;COIROS; 29;Incidencia acumulada para o concello: >250
03-02-2021;34121515028;CORCUBION; entre 1 e 9;Incidencia acumulada para o concello: >250
03-02-2021;34121515029;CORISTANCO; 50;Incidencia acumulada para o concello: >250
03-02-2021;34121515030;CORUÑA (A); 2202;Incidencia acumulada para o concello: >250
03-02-2021;34121515031;CULLEREDO; 295;Incidencia acumulada para o concello: >250
03-02-2021;34121515032;CURTIS; 24;Incidencia acumulada para o concello: >250
03-02-2021;34121515033;DODRO; 29;Incidencia acumulada para o concello: >250
03-02-2021;34121515034;DUMBRIA; 32;Incidencia acumulada para o concello: >250
03-02-2021;34121515035;FENE; 120;Incidencia acumulada para o concello: >250
03-02-2021;34121515036;FERROL; 441;Incidencia acumulada para o concello: >250
03-02-2021;34121515037;FISTERRA; 20;Incidencia acumulada para o concello: >250
03-02-2021;34121515038;FRADES; 18;Incidencia acumulada para o concello: >250
03-02-2021;34121515039;IRIXOA; entre 1 e 9;Incidencia acumulada para o concello: >250
03-02-2021;34121515040;LAXE; 16;Incidencia acumulada para o concello: >250
03-02-2021;34121515041;LARACHA; 103;Incidencia acumulada para o concello: >250
03-02-2021;34121515042;LOUSAME; entre 1 e 9;Incidencia acumulada para o concello: >150 e <=250
03-02-2021;34121515043;MALPICA DE BERGANTIÑOS; 53;Incidencia acumulada para o concello: >250
03-02-2021;34121515044;MAÑON; 14;Incidencia acumulada para o concello: >250
03-02-2021;34121515045;MAZARICOS; 22;Incidencia acumulada para o concello: >250
03-02-2021;34121515046;MELIDE; 70;Incidencia acumulada para o concello: >250
03-02-2021;34121515047;MESIA; 34;Incidencia acumulada para o concello: >250
03-02-2021;34121515048;MIÑO; 38;Incidencia acumulada para o concello: >250
03-02-2021;34121515049;MOECHE; 56;Incidencia acumulada para o concello: >250
03-02-2021;34121515050;MONFERO; 12;Incidencia acumulada para o concello: >250
03-02-2021;34121515051;MUGARDOS; 62;Incidencia acumulada para o concello: >250
03-02-2021;34121515052;MUXIA; 30;Incidencia acumulada para o concello: >250
03-02-2021;34121515053;MUROS; 21;Incidencia acumulada para o concello: >150 e <=250
03-02-2021;34121515054;NARON; 296;Incidencia acumulada para o concello: >250
03-02-2021;34121515055;NEDA; 21;Incidencia acumulada para o concello: >250
03-02-2021;34121515056;NEGREIRA; 37;Incidencia acumulada para o concello: >250
03-02-2021;34121515057;NOIA; 48;Incidencia acumulada para o concello: >250
03-02-2021;34121515058;OLEIROS; 229;Incidencia acumulada para o concello: >250
03-02-2021;34121515059;ORDES; 143;Incidencia acumulada para o concello: >250
03-02-2021;34121515060;OROSO; 57;Incidencia acumulada para o concello: >250
03-02-2021;34121515061;ORTIGUEIRA; 82;Incidencia acumulada para o concello: >250
03-02-2021;34121515062;OUTES; 28;Incidencia acumulada para o concello: >250
03-02-2021;34121515064;PADERNE; 19;Incidencia acumulada para o concello: >250
03-02-2021;34121515065;PADRON; 168;Incidencia acumulada para o concello: >250
03-02-2021;34121515066;PINO (O); 43;Incidencia acumulada para o concello: >250
03-02-2021;34121515067;POBRA DO CARAMIÑAL A; 29;Incidencia acumulada para o concello: >250
03-02-2021;34121515068;PONTECESO; 28;Incidencia acumulada para o concello: >250
03-02-2021;34121515069;PONTEDEUME; 74;Incidencia acumulada para o concello: >250
03-02-2021;34121515070;PONTES DE GARCIA RODRIGUEZ (AS); 71;Incidencia acumulada para o concello: >250
03-02-2021;34121515071;PORTO DO SON; 30;Incidencia acumulada para o concello: >250
03-02-2021;34121515072;RIANXO; 40;Incidencia acumulada para o concello: >250
03-02-2021;34121515073;RIBEIRA; 91;Incidencia acumulada para o concello: >250
03-02-2021;34121515074;ROIS; 113;Incidencia acumulada para o concello: >250
03-02-2021;34121515075;SADA; 181;Incidencia acumulada para o concello: >250
03-02-2021;34121515076;SAN SADURNIÑO; 44;Incidencia acumulada para o concello: >250
03-02-2021;34121515077;SANTA COMBA; 28;Incidencia acumulada para o concello: >250
03-02-2021;34121515078;SANTIAGO DE COMPOSTELA; 639;Incidencia acumulada para o concello: >250
03-02-2021;34121515079;SANTISO; entre 1 e 9;Incidencia acumulada para o concello: >150 e <=250
03-02-2021;34121515080;SOBRADO; entre 1 e 9;Incidencia acumulada para o concello: >150 e <=250
03-02-2021;34121515081;SOMOZAS; 11;Incidencia acumulada para o concello: >250
03-02-2021;34121515082;TEO; 103;Incidencia acumulada para o concello: >250
03-02-2021;34121515083;TOQUES; entre 1 e 9;Incidencia acumulada para o concello: >250
03-02-2021;34121515084;TORDOIA; 28;Incidencia acumulada para o concello: >250
03-02-2021;34121515085;TOURO; 17;Incidencia acumulada para o concello: >250
03-02-2021;34121515086;TRAZO; 16;Incidencia acumulada para o concello: >250
03-02-2021;34121515087;VALDOVIÑO; 48;Incidencia acumulada para o concello: >250
03-02-2021;34121515088;VAL DO DUBRA; 52;Incidencia acumulada para o concello: >250
03-02-2021;34121515089;VEDRA; 74;Incidencia acumulada para o concello: >250
03-02-2021;34121515090;VILASANTAR; entre 1 e 9;Incidencia acumulada para o concello: >250
03-02-2021;34121515091;VILARMAIOR; entre 1 e 9;Incidencia acumulada para o concello: >250
03-02-2021;34121515092;VIMIANZO; 50;Incidencia acumulada para o concello: >250
03-02-2021;34121515093;ZAS; 20;Incidencia acumulada para o concello: >250
03-02-2021;34121515901;CARIÑO; entre 1 e 9;Incidencia acumulada para o concello: >150 e <=250
03-02-2021;34121515902;OZA-CESURAS; 31;Incidencia acumulada para o concello: >250
03-02-2021;34122727001;ABADIN; 10;Incidencia acumulada para o concello: >250
03-02-2021;34122727002;ALFOZ; entre 1 e 9;Incidencia acumulada para o concello: >50 e <=150
03-02-2021;34122727003;ANTAS DE ULLA; entre 1 e 9;Incidencia acumulada para o concello: >250
03-02-2021;34122727004;BALEIRA; entre 1 e 9;Incidencia acumulada para o concello: >50 e <=150
03-02-2021;34122727005;BARREIROS;0;Incidencia acumulada para o concello: <=25
03-02-2021;34122727006;BECERREA; 10;Incidencia acumulada para o concello: >250
03-02-2021;34122727007;BEGONTE; 19;Incidencia acumulada para o concello: >250
03-02-2021;34122727008;BOVEDA; entre 1 e 9;Incidencia acumulada para o concello: >50 e <=150
03-02-2021;34122727009;CARBALLEDO; entre 1 e 9;Incidencia acumulada para o concello: >50 e <=150
03-02-2021;34122727010;CASTRO DE REI; 20;Incidencia acumulada para o concello: >250
03-02-2021;34122727011;CASTROVERDE; 16;Incidencia acumulada para o concello: >250
03-02-2021;34122727012;CERVANTES; entre 1 e 9;Incidencia acumulada para o concello: >50 e <=150
03-02-2021;34122727013;CERVO; 12;Incidencia acumulada para o concello: >250
03-02-2021;34122727014;CORGO (O); 11;Incidencia acumulada para o concello: >250
03-02-2021;34122727015;COSPEITO; entre 1 e 9;Incidencia acumulada para o concello: >150 e <=250
03-02-2021;34122727016;CHANTADA; 49;Incidencia acumulada para o concello: >250
03-02-2021;34122727017;FOLGOSO DO COUREL; entre 1 e 9;Incidencia acumulada para o concello: >250
03-02-2021;34122727018;FONSAGRADA (A); entre 1 e 9;Incidencia acumulada para o concello: >150 e <=250
03-02-2021;34122727019;FOZ; 10;Incidencia acumulada para o concello: >50 e <=150
03-02-2021;34122727020;FRIOL; 16;Incidencia acumulada para o concello: >250
03-02-2021;34122727021;XERMADE; entre 1 e 9;Incidencia acumulada para o concello: >150 e <=250
03-02-2021;34122727022;GUITIRIZ; 10;Incidencia acumulada para o concello: >150 e <=250
03-02-2021;34122727023;GUNTIN; entre 1 e 9;Incidencia acumulada para o concello: >250
03-02-2021;34122727024;INCIO (O); entre 1 e 9;Incidencia acumulada para o concello: >250
03-02-2021;34122727025;XOVE; 22;Incidencia acumulada para o concello: >250
03-02-2021;34122727026;LANCARA; 19;Incidencia acumulada para o concello: >250
03-02-2021;34122727027;LOURENZA; entre 1 e 9;Incidencia acumulada para o concello: >150 e <=250
03-02-2021;34122727028;LUGO; 445;Incidencia acumulada para o concello: >250
03-02-2021;34122727029;MEIRA; entre 1 e 9;Incidencia acumulada para o concello: >50 e <=150
03-02-2021;34122727030;MONDOÑEDO; entre 1 e 9;Incidencia acumulada para o concello: >50 e <=150
03-02-2021;34122727031;MONFORTE DE LEMOS; 229;Incidencia acumulada para o concello: >250
03-02-2021;34122727032;MONTERROSO; 16;Incidencia acumulada para o concello: >250
03-02-2021;34122727033;MURAS; entre 1 e 9;Incidencia acumulada para o concello: >250
03-02-2021;34122727034;NAVIA DE SUARNA;0;Incidencia acumulada para o concello: <=25
03-02-2021;34122727035;NEGUEIRA DE MUÑIZ;0;Incidencia acumulada para o concello: <=25
03-02-2021;34122727037;NOGAIS (AS); entre 1 e 9;Incidencia acumulada para o concello: >150 e <=250
03-02-2021;34122727038;OUROL; entre 1 e 9;Incidencia acumulada para o concello: >250
03-02-2021;34122727039;OUTEIRO DE REI; 17;Incidencia acumulada para o concello: >250
03-02-2021;34122727040;PALAS DE REI; 57;Incidencia acumulada para o concello: >250
03-02-2021;34122727041;PANTON; 30;Incidencia acumulada para o concello: >250
03-02-2021;34122727042;PARADELA; 16;Incidencia acumulada para o concello: >250
03-02-2021;34122727043;PARAMO (O); entre 1 e 9;Incidencia acumulada para o concello: >50 e <=150
03-02-2021;34122727044;PASTORIZA (A); 12;Incidencia acumulada para o concello: >250
03-02-2021;34122727045;PEDRAFITA DO CEBREIRO; entre 1 e 9;Incidencia acumulada para o concello: >150 e <=250
03-02-2021;34122727046;POL; entre 1 e 9;Incidencia acumulada para o concello: >50 e <=150
03-02-2021;34122727047;POBRA DO BROLLON (A); 10;Incidencia acumulada para o concello: >250
03-02-2021;34122727048;PONTENOVA (A); entre 1 e 9;Incidencia acumulada para o concello: >250
03-02-2021;34122727049;PORTOMARIN; entre 1 e 9;Incidencia acumulada para o concello: >250
03-02-2021;34122727050;QUIROGA; 103;Incidencia acumulada para o concello: >250
03-02-2021;34122727051;RIBADEO; 25;Incidencia acumulada para o concello: >250
03-02-2021;34122727052;RIBAS DE SIL; 15;Incidencia acumulada para o concello: >250
03-02-2021;34122727053;RIBEIRA DE PIQUIN;0;Incidencia acumulada para o concello: <=25
03-02-2021;34122727054;RIOTORTO; 11;Incidencia acumulada para o concello: >250
03-02-2021;34122727055;SAMOS; entre 1 e 9;Incidencia acumulada para o concello: >250
03-02-2021;34122727056;RABADE; entre 1 e 9;Incidencia acumulada para o concello: >250
03-02-2021;34122727057;SARRIA; 174;Incidencia acumulada para o concello: >250
03-02-2021;34122727058;SAVIÑAO (O); 30;Incidencia acumulada para o concello: >250
03-02-2021;34122727059;SOBER; entre 1 e 9;Incidencia acumulada para o concello: >150 e <=250
03-02-2021;34122727060;TABOADA; 11;Incidencia acumulada para o concello: >250
03-02-2021;34122727061;TRABADA; entre 1 e 9;Incidencia acumulada para o concello: >250
03-02-2021;34122727062;TRIACASTELA; entre 1 e 9;Incidencia acumulada para o concello: >250
03-02-2021;34122727063;VALADOURO (O); entre 1 e 9;Incidencia acumulada para o concello: >150 e <=250
03-02-2021;34122727064;VICEDO (O); 24;Incidencia acumulada para o concello: >250
03-02-2021;34122727065;VILALBA; 188;Incidencia acumulada para o concello: >250
03-02-2021;34122727066;VIVEIRO; 109;Incidencia acumulada para o concello: >250
03-02-2021;34122727901;BARALLA; entre 1 e 9;Incidencia acumulada para o concello: >150 e <=250
03-02-2021;34122727902;BURELA; 35;Incidencia acumulada para o concello: >250
03-02-2021;34123232001;ALLARIZ; 59;Incidencia acumulada para o concello: >250
03-02-2021;34123232002;AMOEIRO; 12;Incidencia acumulada para o concello: >250
03-02-2021;34123232003;ARNOIA; entre 1 e 9;Incidencia acumulada para o concello: >150 e <=250
03-02-2021;34123232004;AVION; entre 1 e 9;Incidencia acumulada para o concello: >250
03-02-2021;34123232005;BALTAR; 13;Incidencia acumulada para o concello: >250
03-02-2021;34123232006;BANDE; 24;Incidencia acumulada para o concello: >250
03-02-2021;34123232007;BAÑOS DE MOLGAS; entre 1 e 9;Incidencia acumulada para o concello: >250
03-02-2021;34123232008;BARBADAS; 93;Incidencia acumulada para o concello: >250
03-02-2021;34123232009;BARCO DE VALDEORRAS (O); 65;Incidencia acumulada para o concello: >250
03-02-2021;34123232010;BEADE; entre 1 e 9;Incidencia acumulada para o concello: >250
03-02-2021;34123232011;BEARIZ; entre 1 e 9;Incidencia acumulada para o concello: >150 e <=250
03-02-2021;34123232012;BLANCOS (OS); entre 1 e 9;Incidencia acumulada para o concello: >250
03-02-2021;34123232013;BOBORAS; 15;Incidencia acumulada para o concello: >250
03-02-2021;34123232014;BOLA A; entre 1 e 9;Incidencia acumulada para o concello: >250
03-02-2021;34123232015;BOLO (O); entre 1 e 9;Incidencia acumulada para o concello: >50 e <=150
03-02-2021;34123232016;CALVOS DE RANDIN; entre 1 e 9;Incidencia acumulada para o concello: >250
03-02-2021;34123232017;CARBALLEDA DE VALDEORRAS; entre 1 e 9;Incidencia acumulada para o concello: >150 e <=250
03-02-2021;34123232018;CARBALLEDA DE AVIA; entre 1 e 9;Incidencia acumulada para o concello: >150 e <=250
03-02-2021;34123232019;CARBALLIÑO (O); 103;Incidencia acumulada para o concello: >250
03-02-2021;34123232020;CARTELLE; 57;Incidencia acumulada para o concello: >250
03-02-2021;34123232021;CASTRELO DO VAL; 10;Incidencia acumulada para o concello: >250
03-02-2021;34123232022;CASTRELO DE MIÑO; entre 1 e 9;Incidencia acumulada para o concello: >50 e <=150
03-02-2021;34123232023;CASTRO CALDELAS; entre 1 e 9;Incidencia acumulada para o concello: >150 e <=250
03-02-2021;34123232024;CELANOVA; 62;Incidencia acumulada para o concello: >250
03-02-2021;34123232025;CENLLE; entre 1 e 9;Incidencia acumulada para o concello: >250
03-02-2021;34123232026;COLES; 40;Incidencia acumulada para o concello: >250
03-02-2021;34123232027;CORTEGADA; entre 1 e 9;Incidencia acumulada para o concello: >50 e <=150
03-02-2021;34123232028;CUALEDRO; 15;Incidencia acumulada para o concello: >250
03-02-2021;34123232029;CHANDREXA DE QUEIXA; entre 1 e 9;Incidencia acumulada para o concello: >150 e <=250
03-02-2021;34123232030;ENTRIMO;0;Incidencia acumulada para o concello: <=25
03-02-2021;34123232031;ESGOS; entre 1 e 9;Incidencia acumulada para o concello: >250
03-02-2021;34123232032;XINZO DE LIMIA; 119;Incidencia acumulada para o concello: >250
03-02-2021;34123232033;GOMESENDE;0;Incidencia acumulada para o concello: <=25
03-02-2021;34123232034;GUDIÑA (A); entre 1 e 9;Incidencia acumulada para o concello: >150 e <=250
03-02-2021;34123232035;IRIXO (O); entre 1 e 9;Incidencia acumulada para o concello: >50 e <=150
03-02-2021;34123232036;XUNQUEIRA DE AMBIA; entre 1 e 9;Incidencia acumulada para o concello: >250
03-02-2021;34123232037;XUNQUEIRA DE ESPADANEDO; entre 1 e 9;Incidencia acumulada para o concello: >250
03-02-2021;34123232038;LAROUCO;0;Incidencia acumulada para o concello: <=25
03-02-2021;34123232039;LAZA; entre 1 e 9;Incidencia acumulada para o concello: >250
03-02-2021;34123232040;LEIRO; 51;Incidencia acumulada para o concello: >250
03-02-2021;34123232041;LOBEIRA; entre 1 e 9;Incidencia acumulada para o concello: >250
03-02-2021;34123232042;LOBIOS; 26;Incidencia acumulada para o concello: >250
03-02-2021;34123232043;MACEDA; 14;Incidencia acumulada para o concello: >250
03-02-2021;34123232044;MANZANEDA; entre 1 e 9;Incidencia acumulada para o concello: >250
03-02-2021;34123232045;MASIDE; 22;Incidencia acumulada para o concello: >250
03-02-2021;34123232046;MELON; 10;Incidencia acumulada para o concello: >250
03-02-2021;34123232047;MERCA A; 33;Incidencia acumulada para o concello: >250
03-02-2021;34123232048;MEZQUITA (A); entre 1 e 9;Incidencia acumulada para o concello: >250
03-02-2021;34123232049;MONTEDERRAMO; entre 1 e 9;Incidencia acumulada para o concello: >50 e <=150
03-02-2021;34123232050;MONTERREI; 14;Incidencia acumulada para o concello: >250
03-02-2021;34123232051;MUIÑOS; 24;Incidencia acumulada para o concello: >250
03-02-2021;34123232052;NOGUEIRA DE RAMUIN; entre 1 e 9;Incidencia acumulada para o concello: >50 e <=150
03-02-2021;34123232053;OIMBRA; 47;Incidencia acumulada para o concello: >250
03-02-2021;34123232054;OURENSE; 913;Incidencia acumulada para o concello: >250
03-02-2021;34123232055;PADERNE DE ALLARIZ; entre 1 e 9;Incidencia acumulada para o concello: >250
03-02-2021;34123232056;PADRENDA; 10;Incidencia acumulada para o concello: >250
03-02-2021;34123232057;PARADA DE SIL;0;Incidencia acumulada para o concello: <=25
03-02-2021;34123232058;PEREIRO DE AGUIAR; 34;Incidencia acumulada para o concello: >250
03-02-2021;34123232059;PEROXA A; entre 1 e 9;Incidencia acumulada para o concello: >250
03-02-2021;34123232060;PETIN; entre 1 e 9;Incidencia acumulada para o concello: >250
03-02-2021;34123232061;PIÑOR; entre 1 e 9;Incidencia acumulada para o concello: >150 e <=250
03-02-2021;34123232062;PORQUEIRA; entre 1 e 9;Incidencia acumulada para o concello: >250
03-02-2021;34123232063;POBRA DE TRIVES A; entre 1 e 9;Incidencia acumulada para o concello: >250
03-02-2021;34123232064;PONTEDEVA;0;Incidencia acumulada para o concello: <=25
03-02-2021;34123232065;PUNXIN; entre 1 e 9;Incidencia acumulada para o concello: >250
03-02-2021;34123232066;QUINTELA DE LEIRADO; entre 1 e 9;Incidencia acumulada para o concello: >250
03-02-2021;34123232067;RAIRIZ DE VEIGA; 17;Incidencia acumulada para o concello: >250
03-02-2021;34123232068;RAMIRAS; entre 1 e 9;Incidencia acumulada para o concello: >150 e <=250
03-02-2021;34123232069;RIBADAVIA; 29;Incidencia acumulada para o concello: >250
03-02-2021;34123232070;SAN XOAN DE RIO; entre 1 e 9;Incidencia acumulada para o concello: >250
03-02-2021;34123232071;RIOS; 16;Incidencia acumulada para o concello: >250
03-02-2021;34123232072;RUA (A); 24;Incidencia acumulada para o concello: >250
03-02-2021;34123232073;RUBIA;0;Incidencia acumulada para o concello: <=25
03-02-2021;34123232074;SAN AMARO; entre 1 e 9;Incidencia acumulada para o concello: >250
03-02-2021;34123232075;SAN CIBRAO DAS VIÑAS; 19;Incidencia acumulada para o concello: >250
03-02-2021;34123232076;SAN CRISTOVO DE CEA; 11;Incidencia acumulada para o concello: >250
03-02-2021;34123232077;SANDIAS; 15;Incidencia acumulada para o concello: >250
03-02-2021;34123232078;SARREAUS; 14;Incidencia acumulada para o concello: >250
03-02-2021;34123232079;TABOADELA; 16;Incidencia acumulada para o concello: >250
03-02-2021;34123232080;TEIXEIRA A;0;Incidencia acumulada para o concello: <=25
03-02-2021;34123232081;TOEN; 21;Incidencia acumulada para o concello: >250
03-02-2021;34123232082;TRASMIRAS; 15;Incidencia acumulada para o concello: >250
03-02-2021;34123232083;VEIGA (A); entre 1 e 9;Incidencia acumulada para o concello: >250
03-02-2021;34123232084;VEREA; 20;Incidencia acumulada para o concello: >250
03-02-2021;34123232085;VERIN; 125;Incidencia acumulada para o concello: >250
03-02-2021;34123232086;VIANA DO BOLO; entre 1 e 9;Incidencia acumulada para o concello: >150 e <=250
03-02-2021;34123232087;VILAMARIN; entre 1 e 9;Incidencia acumulada para o concello: >250
03-02-2021;34123232088;VILAMARTIN DE VALDEORRAS; 13;Incidencia acumulada para o concello: >250
03-02-2021;34123232089;VILAR DE BARRIO; entre 1 e 9;Incidencia acumulada para o concello: >150 e <=250
03-02-2021;34123232090;VILAR DE SANTOS; 23;Incidencia acumulada para o concello: >250
03-02-2021;34123232091;VILARDEVOS; 15;Incidencia acumulada para o concello: >250
03-02-2021;34123232092;VILARIÑO DE CONSO;0;Incidencia acumulada para o concello: <=25
03-02-2021;34123636001;ARBO; 20;Incidencia acumulada para o concello: >250
03-02-2021;34123636002;BARRO; 23;Incidencia acumulada para o concello: >250
03-02-2021;34123636003;BAIONA; 50;Incidencia acumulada para o concello: >250
03-02-2021;34123636004;BUEU; 34;Incidencia acumulada para o concello: >250
03-02-2021;34123636005;CALDAS DE REIS; 68;Incidencia acumulada para o concello: >250
03-02-2021;34123636006;CAMBADOS; 57;Incidencia acumulada para o concello: >250
03-02-2021;34123636007;CAMPO LAMEIRO; 11;Incidencia acumulada para o concello: >250
03-02-2021;34123636008;CANGAS; 128;Incidencia acumulada para o concello: >250
03-02-2021;34123636009;CAÑIZA (A); 104;Incidencia acumulada para o concello: >250
03-02-2021;34123636010;CATOIRA; 14;Incidencia acumulada para o concello: >250
03-02-2021;34123636013;COVELO (O); 34;Incidencia acumulada para o concello: >250
03-02-2021;34123636014;CRECENTE; 37;Incidencia acumulada para o concello: >250
03-02-2021;34123636015;CUNTIS; 27;Incidencia acumulada para o concello: >250
03-02-2021;34123636016;DOZON; entre 1 e 9;Incidencia acumulada para o concello: >150 e <=250
03-02-2021;34123636017;ESTRADA A; 143;Incidencia acumulada para o concello: >250
03-02-2021;34123636018;FORCAREI; 101;Incidencia acumulada para o concello: >250
03-02-2021;34123636019;FORNELOS DE MONTES; 12;Incidencia acumulada para o concello: >250
03-02-2021;34123636020;AGOLADA; 26;Incidencia acumulada para o concello: >250
03-02-2021;34123636021;GONDOMAR; 60;Incidencia acumulada para o concello: >250
03-02-2021;34123636022;GROVE O; 34;Incidencia acumulada para o concello: >250
03-02-2021;34123636023;GUARDA (A); 59;Incidencia acumulada para o concello: >250
03-02-2021;34123636024;LALIN; 84;Incidencia acumulada para o concello: >250
03-02-2021;34123636025;LAMA A; 22;Incidencia acumulada para o concello: >250
03-02-2021;34123636026;MARIN; 130;Incidencia acumulada para o concello: >250
03-02-2021;34123636027;MEAÑO; 31;Incidencia acumulada para o concello: >250
03-02-2021;34123636028;MEIS; 38;Incidencia acumulada para o concello: >250
03-02-2021;34123636029;MOAÑA; 157;Incidencia acumulada para o concello: >250
03-02-2021;34123636030;MONDARIZ; 62;Incidencia acumulada para o concello: >250
03-02-2021;34123636031;MONDARIZ-BALNEARIO; entre 1 e 9;Incidencia acumulada para o concello: >250
03-02-2021;34123636032;MORAÑA; 42;Incidencia acumulada para o concello: >250
03-02-2021;34123636033;MOS; 82;Incidencia acumulada para o concello: >250
03-02-2021;34123636034;NEVES (AS); 39;Incidencia acumulada para o concello: >250
03-02-2021;34123636035;NIGRAN; 52;Incidencia acumulada para o concello: >250
03-02-2021;34123636036;OIA; 24;Incidencia acumulada para o concello: >250
03-02-2021;34123636037;PAZOS DE BORBEN; 28;Incidencia acumulada para o concello: >250
03-02-2021;34123636038;PONTEVEDRA; 568;Incidencia acumulada para o concello: >250
03-02-2021;34123636039;PORRIÑO (O); 129;Incidencia acumulada para o concello: >250
03-02-2021;34123636040;PORTAS; 19;Incidencia acumulada para o concello: >250
03-02-2021;34123636041;POIO; 301;Incidencia acumulada para o concello: >250
03-02-2021;34123636042;PONTEAREAS; 251;Incidencia acumulada para o concello: >250
03-02-2021;34123636043;PONTE-CALDELAS; 53;Incidencia acumulada para o concello: >250
03-02-2021;34123636044;PONTECESURES; 63;Incidencia acumulada para o concello: >250
03-02-2021;34123636045;REDONDELA; 255;Incidencia acumulada para o concello: >250
03-02-2021;34123636046;RIBADUMIA; 36;Incidencia acumulada para o concello: >250
03-02-2021;34123636047;RODEIRO; entre 1 e 9;Incidencia acumulada para o concello: >150 e <=250
03-02-2021;34123636048;ROSAL (O); 54;Incidencia acumulada para o concello: >250
03-02-2021;34123636049;SALCEDA DE CASELAS; 98;Incidencia acumulada para o concello: >250
03-02-2021;34123636050;SALVATERRA DE MIÑO; 83;Incidencia acumulada para o concello: >250
03-02-2021;34123636051;SANXENXO; 205;Incidencia acumulada para o concello: >250
03-02-2021;34123636052;SILLEDA; 100;Incidencia acumulada para o concello: >250
03-02-2021;34123636053;SOUTOMAIOR; 149;Incidencia acumulada para o concello: >250
03-02-2021;34123636054;TOMIÑO; 118;Incidencia acumulada para o concello: >250
03-02-2021;34123636055;TUI; 167;Incidencia acumulada para o concello: >250
03-02-2021;34123636056;VALGA; 102;Incidencia acumulada para o concello: >250
03-02-2021;34123636057;VIGO; 1404;Incidencia acumulada para o concello: >250
03-02-2021;34123636058;VILABOA; 58;Incidencia acumulada para o concello: >250
03-02-2021;34123636059;VILA DE CRUCES; 67;Incidencia acumulada para o concello: >250
03-02-2021;34123636060;VILAGARCIA DE AROUSA; 189;Incidencia acumulada para o concello: >250
03-02-2021;34123636061;VILANOVA DE AROUSA; 51;Incidencia acumulada para o concello: >250
03-02-2021;34123636901;ILLA DE AROUSA; 22;Incidencia acumulada para o concello: >250
03-02-2021;34123636902;CERDEDO-COTOBADE; 25;Incidencia acumulada para o concello: >250
