Fecha;ID;NOME;CASOS;NIVEL
23-02-2021;34121515001;ABEGONDO; entre 1 e 9;Incidencia acumulada para o concello: >50 e <=150
23-02-2021;34121515002;AMES; 37;Incidencia acumulada para o concello: >50 e <=150
23-02-2021;34121515003;ARANGA; entre 1 e 9;Incidencia acumulada para o concello: >250 e <=500
23-02-2021;34121515004;ARES; 12;Incidencia acumulada para o concello: >150 e <=250
23-02-2021;34121515005;ARTEIXO; 101;Incidencia acumulada para o concello: >250 e <=500
23-02-2021;34121515006;ARZUA; 22;Incidencia acumulada para o concello: >250 e <=500
23-02-2021;34121515007;BAÑA (A); entre 1 e 9;Incidencia acumulada para o concello: >50 e <=150
23-02-2021;34121515008;BERGONDO; 10;Incidencia acumulada para o concello: >150 e <=250
23-02-2021;34121515009;BETANZOS; 37;Incidencia acumulada para o concello: >250 e <=500
23-02-2021;34121515010;BOIMORTO; entre 1 e 9;Incidencia acumulada para o concello: >150 e <=250
23-02-2021;34121515011;BOIRO; 21;Incidencia acumulada para o concello: >50 e <=150
23-02-2021;34121515012;BOQUEIXON; entre 1 e 9;Incidencia acumulada para o concello: >150 e <=250
23-02-2021;34121515013;BRION; 17;Incidencia acumulada para o concello: >150 e <=250
23-02-2021;34121515014;CABANA DE BERGANTIÑOS; entre 1 e 9;Incidencia acumulada para o concello: >50 e <=150
23-02-2021;34121515015;CABANAS; 16;Incidencia acumulada para o concello: >250 e <=500
23-02-2021;34121515016;CAMARIÑAS; entre 1 e 9;Incidencia acumulada para o concello: >150 e <=250
23-02-2021;34121515017;CAMBRE; 57;Incidencia acumulada para o concello: >150 e <=250
23-02-2021;34121515018;CAPELA (A);0;Incidencia acumulada para o concello: <=25
23-02-2021;34121515019;CARBALLO; 139;Incidencia acumulada para o concello: >250 e <=500
23-02-2021;34121515020;CARNOTA; entre 1 e 9;Incidencia acumulada para o concello: >150 e <=250
23-02-2021;34121515021;CARRAL; 28;Incidencia acumulada para o concello: >250 e <=500
23-02-2021;34121515022;CEDEIRA; 21;Incidencia acumulada para o concello: >250 e <=500
23-02-2021;34121515023;CEE; 11;Incidencia acumulada para o concello: >50 e <=150
23-02-2021;34121515024;CERCEDA; entre 1 e 9;Incidencia acumulada para o concello: >50 e <=150
23-02-2021;34121515025;CERDIDO; entre 1 e 9;Incidencia acumulada para o concello: >150 e <=250
23-02-2021;34121515027;COIROS;0;Incidencia acumulada para o concello: <=25
23-02-2021;34121515028;CORCUBION; entre 1 e 9;Incidencia acumulada para o concello: >500
23-02-2021;34121515029;CORISTANCO; entre 1 e 9;Incidencia acumulada para o concello: >50 e <=150
23-02-2021;34121515030;CORUÑA (A); 864;Incidencia acumulada para o concello: >250 e <=500
23-02-2021;34121515031;CULLEREDO; 88;Incidencia acumulada para o concello: >250 e <=500
23-02-2021;34121515032;CURTIS; 19;Incidencia acumulada para o concello: >250 e <=500
23-02-2021;34121515033;DODRO; entre 1 e 9;Incidencia acumulada para o concello: >250 e <=500
23-02-2021;34121515034;DUMBRIA;0;Incidencia acumulada para o concello: <=25
23-02-2021;34121515035;FENE; 26;Incidencia acumulada para o concello: >150 e <=250
23-02-2021;34121515036;FERROL; 213;Incidencia acumulada para o concello: >250 e <=500
23-02-2021;34121515037;FISTERRA; entre 1 e 9;Incidencia acumulada para o concello: >50 e <=150
23-02-2021;34121515038;FRADES; entre 1 e 9;Incidencia acumulada para o concello: >250 e <=500
23-02-2021;34121515039;IRIXOA;0;Incidencia acumulada para o concello: <=25
23-02-2021;34121515040;LAXE; entre 1 e 9;Incidencia acumulada para o concello: >150 e <=250
23-02-2021;34121515041;LARACHA; 37;Incidencia acumulada para o concello: >250 e <=500
23-02-2021;34121515042;LOUSAME; entre 1 e 9;Incidencia acumulada para o concello: >50 e <=150
23-02-2021;34121515043;MALPICA DE BERGANTIÑOS; 18;Incidencia acumulada para o concello: >250 e <=500
23-02-2021;34121515044;MAÑON; entre 1 e 9;Incidencia acumulada para o concello: >150 e <=250
23-02-2021;34121515045;MAZARICOS; entre 1 e 9;Incidencia acumulada para o concello: >150 e <=250
23-02-2021;34121515046;MELIDE; entre 1 e 9;Incidencia acumulada para o concello: >50 e <=150
23-02-2021;34121515047;MESIA; entre 1 e 9;Incidencia acumulada para o concello: >150 e <=250
23-02-2021;34121515048;MIÑO; 13;Incidencia acumulada para o concello: >150 e <=250
23-02-2021;34121515049;MOECHE; 17;Incidencia acumulada para o concello: >500
23-02-2021;34121515050;MONFERO; entre 1 e 9;Incidencia acumulada para o concello: >50 e <=150
23-02-2021;34121515051;MUGARDOS; entre 1 e 9;Incidencia acumulada para o concello: >150 e <=250
23-02-2021;34121515052;MUXIA; 18;Incidencia acumulada para o concello: >250 e <=500
23-02-2021;34121515053;MUROS; entre 1 e 9;Incidencia acumulada para o concello: >25 e <=50
23-02-2021;34121515054;NARON; 115;Incidencia acumulada para o concello: >250 e <=500
23-02-2021;34121515055;NEDA; 17;Incidencia acumulada para o concello: >250 e <=500
23-02-2021;34121515056;NEGREIRA; entre 1 e 9;Incidencia acumulada para o concello: >50 e <=150
23-02-2021;34121515057;NOIA; 15;Incidencia acumulada para o concello: >50 e <=150
23-02-2021;34121515058;OLEIROS; 79;Incidencia acumulada para o concello: >150 e <=250
23-02-2021;34121515059;ORDES; 30;Incidencia acumulada para o concello: >150 e <=250
23-02-2021;34121515060;OROSO; 14;Incidencia acumulada para o concello: >150 e <=250
23-02-2021;34121515061;ORTIGUEIRA; entre 1 e 9;Incidencia acumulada para o concello: <=25
23-02-2021;34121515062;OUTES; entre 1 e 9;Incidencia acumulada para o concello: <=25
23-02-2021;34121515064;PADERNE; entre 1 e 9;Incidencia acumulada para o concello: >250 e <=500
23-02-2021;34121515065;PADRON; 13;Incidencia acumulada para o concello: >150 e <=250
23-02-2021;34121515066;PINO (O); entre 1 e 9;Incidencia acumulada para o concello: >50 e <=150
23-02-2021;34121515067;POBRA DO CARAMIÑAL A; entre 1 e 9;Incidencia acumulada para o concello: >25 e <=50
23-02-2021;34121515068;PONTECESO; 37;Incidencia acumulada para o concello: >500
23-02-2021;34121515069;PONTEDEUME; 19;Incidencia acumulada para o concello: >150 e <=250
23-02-2021;34121515070;PONTES DE GARCIA RODRIGUEZ (AS); 31;Incidencia acumulada para o concello: >250 e <=500
23-02-2021;34121515071;PORTO DO SON; 11;Incidencia acumulada para o concello: >50 e <=150
23-02-2021;34121515072;RIANXO; entre 1 e 9;Incidencia acumulada para o concello: >50 e <=150
23-02-2021;34121515073;RIBEIRA; 35;Incidencia acumulada para o concello: >50 e <=150
23-02-2021;34121515074;ROIS; 11;Incidencia acumulada para o concello: >150 e <=250
23-02-2021;34121515075;SADA; 58;Incidencia acumulada para o concello: >250 e <=500
23-02-2021;34121515076;SAN SADURNIÑO; 11;Incidencia acumulada para o concello: >250 e <=500
23-02-2021;34121515077;SANTA COMBA; entre 1 e 9;Incidencia acumulada para o concello: >25 e <=50
23-02-2021;34121515078;SANTIAGO DE COMPOSTELA; 126;Incidencia acumulada para o concello: >50 e <=150
23-02-2021;34121515079;SANTISO;0;Incidencia acumulada para o concello: <=25
23-02-2021;34121515080;SOBRADO; entre 1 e 9;Incidencia acumulada para o concello: >50 e <=150
23-02-2021;34121515081;SOMOZAS;0;Incidencia acumulada para o concello: <=25
23-02-2021;34121515082;TEO; 37;Incidencia acumulada para o concello: >150 e <=250
23-02-2021;34121515083;TOQUES; entre 1 e 9;Incidencia acumulada para o concello: >500
23-02-2021;34121515084;TORDOIA; 11;Incidencia acumulada para o concello: >250 e <=500
23-02-2021;34121515085;TOURO; entre 1 e 9;Incidencia acumulada para o concello: >50 e <=150
23-02-2021;34121515086;TRAZO; entre 1 e 9;Incidencia acumulada para o concello: >50 e <=150
23-02-2021;34121515087;VALDOVIÑO; entre 1 e 9;Incidencia acumulada para o concello: >50 e <=150
23-02-2021;34121515088;VAL DO DUBRA; entre 1 e 9;Incidencia acumulada para o concello: >150 e <=250
23-02-2021;34121515089;VEDRA; entre 1 e 9;Incidencia acumulada para o concello: >50 e <=150
23-02-2021;34121515090;VILASANTAR; entre 1 e 9;Incidencia acumulada para o concello: >250 e <=500
23-02-2021;34121515091;VILARMAIOR; entre 1 e 9;Incidencia acumulada para o concello: >150 e <=250
23-02-2021;34121515092;VIMIANZO; 16;Incidencia acumulada para o concello: >150 e <=250
23-02-2021;34121515093;ZAS; entre 1 e 9;Incidencia acumulada para o concello: >50 e <=150
23-02-2021;34121515901;CARIÑO; entre 1 e 9;Incidencia acumulada para o concello: >50 e <=150
23-02-2021;34121515902;OZA-CESURAS; entre 1 e 9;Incidencia acumulada para o concello: >150 e <=250
23-02-2021;34122727001;ABADIN;0;Incidencia acumulada para o concello: <=25
23-02-2021;34122727002;ALFOZ;0;Incidencia acumulada para o concello: <=25
23-02-2021;34122727003;ANTAS DE ULLA;0;Incidencia acumulada para o concello: <=25
23-02-2021;34122727004;BALEIRA; entre 1 e 9;Incidencia acumulada para o concello: >50 e <=150
23-02-2021;34122727005;BARREIROS; entre 1 e 9;Incidencia acumulada para o concello: >25 e <=50
23-02-2021;34122727006;BECERREA; entre 1 e 9;Incidencia acumulada para o concello: >50 e <=150
23-02-2021;34122727007;BEGONTE; entre 1 e 9;Incidencia acumulada para o concello: >50 e <=150
23-02-2021;34122727008;BOVEDA;0;Incidencia acumulada para o concello: <=25
23-02-2021;34122727009;CARBALLEDO; entre 1 e 9;Incidencia acumulada para o concello: >25 e <=50
23-02-2021;34122727010;CASTRO DE REI; entre 1 e 9;Incidencia acumulada para o concello: >50 e <=150
23-02-2021;34122727011;CASTROVERDE; entre 1 e 9;Incidencia acumulada para o concello: >150 e <=250
23-02-2021;34122727012;CERVANTES;0;Incidencia acumulada para o concello: <=25
23-02-2021;34122727013;CERVO; entre 1 e 9;Incidencia acumulada para o concello: >150 e <=250
23-02-2021;34122727014;CORGO (O); 20;Incidencia acumulada para o concello: >500
23-02-2021;34122727015;COSPEITO; entre 1 e 9;Incidencia acumulada para o concello: >50 e <=150
23-02-2021;34122727016;CHANTADA;0;Incidencia acumulada para o concello: <=25
23-02-2021;34122727017;FOLGOSO DO COUREL;0;Incidencia acumulada para o concello: <=25
23-02-2021;34122727018;FONSAGRADA (A);0;Incidencia acumulada para o concello: <=25
23-02-2021;34122727019;FOZ; entre 1 e 9;Incidencia acumulada para o concello: >25 e <=50
23-02-2021;34122727020;FRIOL; entre 1 e 9;Incidencia acumulada para o concello: >50 e <=150
23-02-2021;34122727021;XERMADE;0;Incidencia acumulada para o concello: <=25
23-02-2021;34122727022;GUITIRIZ; 94;Incidencia acumulada para o concello: >500
23-02-2021;34122727023;GUNTIN; 10;Incidencia acumulada para o concello: >250 e <=500
23-02-2021;34122727024;INCIO (O);0;Incidencia acumulada para o concello: <=25
23-02-2021;34122727025;XOVE;0;Incidencia acumulada para o concello: <=25
23-02-2021;34122727026;LANCARA; entre 1 e 9;Incidencia acumulada para o concello: >150 e <=250
23-02-2021;34122727027;LOURENZA; entre 1 e 9;Incidencia acumulada para o concello: >25 e <=50
23-02-2021;34122727028;LUGO; 232;Incidencia acumulada para o concello: >150 e <=250
23-02-2021;34122727029;MEIRA; entre 1 e 9;Incidencia acumulada para o concello: >50 e <=150
23-02-2021;34122727030;MONDOÑEDO;0;Incidencia acumulada para o concello: <=25
23-02-2021;34122727031;MONFORTE DE LEMOS; 59;Incidencia acumulada para o concello: >250 e <=500
23-02-2021;34122727032;MONTERROSO; entre 1 e 9;Incidencia acumulada para o concello: >25 e <=50
23-02-2021;34122727033;MURAS; entre 1 e 9;Incidencia acumulada para o concello: >150 e <=250
23-02-2021;34122727034;NAVIA DE SUARNA;0;Incidencia acumulada para o concello: <=25
23-02-2021;34122727035;NEGUEIRA DE MUÑIZ;0;Incidencia acumulada para o concello: <=25
23-02-2021;34122727037;NOGAIS (AS); entre 1 e 9;Incidencia acumulada para o concello: >50 e <=150
23-02-2021;34122727038;OUROL; entre 1 e 9;Incidencia acumulada para o concello: >50 e <=150
23-02-2021;34122727039;OUTEIRO DE REI; 14;Incidencia acumulada para o concello: >250 e <=500
23-02-2021;34122727040;PALAS DE REI; entre 1 e 9;Incidencia acumulada para o concello: >50 e <=150
23-02-2021;34122727041;PANTON; entre 1 e 9;Incidencia acumulada para o concello: >50 e <=150
23-02-2021;34122727042;PARADELA;0;Incidencia acumulada para o concello: <=25
23-02-2021;34122727043;PARAMO (O);0;Incidencia acumulada para o concello: <=25
23-02-2021;34122727044;PASTORIZA (A);0;Incidencia acumulada para o concello: <=25
23-02-2021;34122727045;PEDRAFITA DO CEBREIRO;0;Incidencia acumulada para o concello: <=25
23-02-2021;34122727046;POL;0;Incidencia acumulada para o concello: <=25
23-02-2021;34122727047;POBRA DO BROLLON (A); entre 1 e 9;Incidencia acumulada para o concello: >250 e <=500
23-02-2021;34122727048;PONTENOVA (A); 11;Incidencia acumulada para o concello: >250 e <=500
23-02-2021;34122727049;PORTOMARIN; entre 1 e 9;Incidencia acumulada para o concello: >50 e <=150
23-02-2021;34122727050;QUIROGA; entre 1 e 9;Incidencia acumulada para o concello: >50 e <=150
23-02-2021;34122727051;RIBADEO; entre 1 e 9;Incidencia acumulada para o concello: >25 e <=50
23-02-2021;34122727052;RIBAS DE SIL;0;Incidencia acumulada para o concello: <=25
23-02-2021;34122727053;RIBEIRA DE PIQUIN;0;Incidencia acumulada para o concello: <=25
23-02-2021;34122727054;RIOTORTO; entre 1 e 9;Incidencia acumulada para o concello: >150 e <=250
23-02-2021;34122727055;SAMOS;0;Incidencia acumulada para o concello: <=25
23-02-2021;34122727056;RABADE; entre 1 e 9;Incidencia acumulada para o concello: >250 e <=500
23-02-2021;34122727057;SARRIA; 12;Incidencia acumulada para o concello: >50 e <=150
23-02-2021;34122727058;SAVIÑAO (O); entre 1 e 9;Incidencia acumulada para o concello: >50 e <=150
23-02-2021;34122727059;SOBER; entre 1 e 9;Incidencia acumulada para o concello: >250 e <=500
23-02-2021;34122727060;TABOADA; entre 1 e 9;Incidencia acumulada para o concello: >150 e <=250
23-02-2021;34122727061;TRABADA;0;Incidencia acumulada para o concello: <=25
23-02-2021;34122727062;TRIACASTELA;0;Incidencia acumulada para o concello: <=25
23-02-2021;34122727063;VALADOURO (O); entre 1 e 9;Incidencia acumulada para o concello: >50 e <=150
23-02-2021;34122727064;VICEDO (O); entre 1 e 9;Incidencia acumulada para o concello: >50 e <=150
23-02-2021;34122727065;VILALBA; 24;Incidencia acumulada para o concello: >150 e <=250
23-02-2021;34122727066;VIVEIRO; 12;Incidencia acumulada para o concello: >50 e <=150
23-02-2021;34122727901;BARALLA; entre 1 e 9;Incidencia acumulada para o concello: >250 e <=500
23-02-2021;34122727902;BURELA; entre 1 e 9;Incidencia acumulada para o concello: >25 e <=50
23-02-2021;34123232001;ALLARIZ; entre 1 e 9;Incidencia acumulada para o concello: >50 e <=150
23-02-2021;34123232002;AMOEIRO; entre 1 e 9;Incidencia acumulada para o concello: >150 e <=250
23-02-2021;34123232003;ARNOIA;0;Incidencia acumulada para o concello: <=25
23-02-2021;34123232004;AVION; entre 1 e 9;Incidencia acumulada para o concello: >150 e <=250
23-02-2021;34123232005;BALTAR; entre 1 e 9;Incidencia acumulada para o concello: >50 e <=150
23-02-2021;34123232006;BANDE; entre 1 e 9;Incidencia acumulada para o concello: >250 e <=500
23-02-2021;34123232007;BAÑOS DE MOLGAS;0;Incidencia acumulada para o concello: <=25
23-02-2021;34123232008;BARBADAS; 10;Incidencia acumulada para o concello: >50 e <=150
23-02-2021;34123232009;BARCO DE VALDEORRAS (O); 12;Incidencia acumulada para o concello: >50 e <=150
23-02-2021;34123232010;BEADE; entre 1 e 9;Incidencia acumulada para o concello: >250 e <=500
23-02-2021;34123232011;BEARIZ;0;Incidencia acumulada para o concello: <=25
23-02-2021;34123232012;BLANCOS (OS);0;Incidencia acumulada para o concello: <=25
23-02-2021;34123232013;BOBORAS; entre 1 e 9;Incidencia acumulada para o concello: >150 e <=250
23-02-2021;34123232014;BOLA A;0;Incidencia acumulada para o concello: <=25
23-02-2021;34123232015;BOLO (O); entre 1 e 9;Incidencia acumulada para o concello: >50 e <=150
23-02-2021;34123232016;CALVOS DE RANDIN;0;Incidencia acumulada para o concello: <=25
23-02-2021;34123232017;CARBALLEDA DE VALDEORRAS; entre 1 e 9;Incidencia acumulada para o concello: >50 e <=150
23-02-2021;34123232018;CARBALLEDA DE AVIA;0;Incidencia acumulada para o concello: <=25
23-02-2021;34123232019;CARBALLIÑO (O); 23;Incidencia acumulada para o concello: >150 e <=250
23-02-2021;34123232020;CARTELLE; entre 1 e 9;Incidencia acumulada para o concello: >150 e <=250
23-02-2021;34123232021;CASTRELO DO VAL;0;Incidencia acumulada para o concello: <=25
23-02-2021;34123232022;CASTRELO DE MIÑO;0;Incidencia acumulada para o concello: <=25
23-02-2021;34123232023;CASTRO CALDELAS;0;Incidencia acumulada para o concello: <=25
23-02-2021;34123232024;CELANOVA; 17;Incidencia acumulada para o concello: >250 e <=500
23-02-2021;34123232025;CENLLE; entre 1 e 9;Incidencia acumulada para o concello: >50 e <=150
23-02-2021;34123232026;COLES; entre 1 e 9;Incidencia acumulada para o concello: >50 e <=150
23-02-2021;34123232027;CORTEGADA; entre 1 e 9;Incidencia acumulada para o concello: >150 e <=250
23-02-2021;34123232028;CUALEDRO; entre 1 e 9;Incidencia acumulada para o concello: >150 e <=250
23-02-2021;34123232029;CHANDREXA DE QUEIXA;0;Incidencia acumulada para o concello: <=25
23-02-2021;34123232030;ENTRIMO;0;Incidencia acumulada para o concello: <=25
23-02-2021;34123232031;ESGOS; entre 1 e 9;Incidencia acumulada para o concello: >50 e <=150
23-02-2021;34123232032;XINZO DE LIMIA; 13;Incidencia acumulada para o concello: >50 e <=150
23-02-2021;34123232033;GOMESENDE; entre 1 e 9;Incidencia acumulada para o concello: >500
23-02-2021;34123232034;GUDIÑA (A); entre 1 e 9;Incidencia acumulada para o concello: >500
23-02-2021;34123232035;IRIXO (O); entre 1 e 9;Incidencia acumulada para o concello: >50 e <=150
23-02-2021;34123232036;XUNQUEIRA DE AMBIA; entre 1 e 9;Incidencia acumulada para o concello: >50 e <=150
23-02-2021;34123232037;XUNQUEIRA DE ESPADANEDO; entre 1 e 9;Incidencia acumulada para o concello: >250 e <=500
23-02-2021;34123232038;LAROUCO; entre 1 e 9;Incidencia acumulada para o concello: >150 e <=250
23-02-2021;34123232039;LAZA; entre 1 e 9;Incidencia acumulada para o concello: >150 e <=250
23-02-2021;34123232040;LEIRO;0;Incidencia acumulada para o concello: <=25
23-02-2021;34123232041;LOBEIRA;0;Incidencia acumulada para o concello: <=25
23-02-2021;34123232042;LOBIOS; entre 1 e 9;Incidencia acumulada para o concello: >150 e <=250
23-02-2021;34123232043;MACEDA; entre 1 e 9;Incidencia acumulada para o concello: >150 e <=250
23-02-2021;34123232044;MANZANEDA;0;Incidencia acumulada para o concello: <=25
23-02-2021;34123232045;MASIDE; entre 1 e 9;Incidencia acumulada para o concello: >50 e <=150
23-02-2021;34123232046;MELON;0;Incidencia acumulada para o concello: <=25
23-02-2021;34123232047;MERCA A; entre 1 e 9;Incidencia acumulada para o concello: >250 e <=500
23-02-2021;34123232048;MEZQUITA (A); entre 1 e 9;Incidencia acumulada para o concello: >250 e <=500
23-02-2021;34123232049;MONTEDERRAMO;0;Incidencia acumulada para o concello: <=25
23-02-2021;34123232050;MONTERREI; entre 1 e 9;Incidencia acumulada para o concello: >25 e <=50
23-02-2021;34123232051;MUIÑOS;0;Incidencia acumulada para o concello: <=25
23-02-2021;34123232052;NOGUEIRA DE RAMUIN;0;Incidencia acumulada para o concello: <=25
23-02-2021;34123232053;OIMBRA; entre 1 e 9;Incidencia acumulada para o concello: >150 e <=250
23-02-2021;34123232054;OURENSE; 132;Incidencia acumulada para o concello: >50 e <=150
23-02-2021;34123232055;PADERNE DE ALLARIZ; entre 1 e 9;Incidencia acumulada para o concello: >50 e <=150
23-02-2021;34123232056;PADRENDA;0;Incidencia acumulada para o concello: <=25
23-02-2021;34123232057;PARADA DE SIL;0;Incidencia acumulada para o concello: <=25
23-02-2021;34123232058;PEREIRO DE AGUIAR; entre 1 e 9;Incidencia acumulada para o concello: >25 e <=50
23-02-2021;34123232059;PEROXA A; 13;Incidencia acumulada para o concello: >500
23-02-2021;34123232060;PETIN;0;Incidencia acumulada para o concello: <=25
23-02-2021;34123232061;PIÑOR;0;Incidencia acumulada para o concello: <=25
23-02-2021;34123232062;PORQUEIRA;0;Incidencia acumulada para o concello: <=25
23-02-2021;34123232063;POBRA DE TRIVES A; entre 1 e 9;Incidencia acumulada para o concello: >150 e <=250
23-02-2021;34123232064;PONTEDEVA;0;Incidencia acumulada para o concello: <=25
23-02-2021;34123232065;PUNXIN; entre 1 e 9;Incidencia acumulada para o concello: >50 e <=150
23-02-2021;34123232066;QUINTELA DE LEIRADO;0;Incidencia acumulada para o concello: <=25
23-02-2021;34123232067;RAIRIZ DE VEIGA; entre 1 e 9;Incidencia acumulada para o concello: >150 e <=250
23-02-2021;34123232068;RAMIRAS;0;Incidencia acumulada para o concello: <=25
23-02-2021;34123232069;RIBADAVIA; entre 1 e 9;Incidencia acumulada para o concello: >50 e <=150
23-02-2021;34123232070;SAN XOAN DE RIO;0;Incidencia acumulada para o concello: <=25
23-02-2021;34123232071;RIOS; entre 1 e 9;Incidencia acumulada para o concello: >50 e <=150
23-02-2021;34123232072;RUA (A); entre 1 e 9;Incidencia acumulada para o concello: >25 e <=50
23-02-2021;34123232073;RUBIA;0;Incidencia acumulada para o concello: <=25
23-02-2021;34123232074;SAN AMARO;0;Incidencia acumulada para o concello: <=25
23-02-2021;34123232075;SAN CIBRAO DAS VIÑAS; entre 1 e 9;Incidencia acumulada para o concello: >50 e <=150
23-02-2021;34123232076;SAN CRISTOVO DE CEA; entre 1 e 9;Incidencia acumulada para o concello: >25 e <=50
23-02-2021;34123232077;SANDIAS; entre 1 e 9;Incidencia acumulada para o concello: >150 e <=250
23-02-2021;34123232078;SARREAUS; entre 1 e 9;Incidencia acumulada para o concello: >150 e <=250
23-02-2021;34123232079;TABOADELA; entre 1 e 9;Incidencia acumulada para o concello: >250 e <=500
23-02-2021;34123232080;TEIXEIRA A;0;Incidencia acumulada para o concello: <=25
23-02-2021;34123232081;TOEN; entre 1 e 9;Incidencia acumulada para o concello: >25 e <=50
23-02-2021;34123232082;TRASMIRAS; entre 1 e 9;Incidencia acumulada para o concello: >50 e <=150
23-02-2021;34123232083;VEIGA (A); entre 1 e 9;Incidencia acumulada para o concello: >50 e <=150
23-02-2021;34123232084;VEREA; entre 1 e 9;Incidencia acumulada para o concello: >50 e <=150
23-02-2021;34123232085;VERIN; 21;Incidencia acumulada para o concello: >150 e <=250
23-02-2021;34123232086;VIANA DO BOLO; 11;Incidencia acumulada para o concello: >250 e <=500
23-02-2021;34123232087;VILAMARIN; entre 1 e 9;Incidencia acumulada para o concello: >50 e <=150
23-02-2021;34123232088;VILAMARTIN DE VALDEORRAS; entre 1 e 9;Incidencia acumulada para o concello: >50 e <=150
23-02-2021;34123232089;VILAR DE BARRIO;0;Incidencia acumulada para o concello: <=25
23-02-2021;34123232090;VILAR DE SANTOS;0;Incidencia acumulada para o concello: <=25
23-02-2021;34123232091;VILARDEVOS;0;Incidencia acumulada para o concello: <=25
23-02-2021;34123232092;VILARIÑO DE CONSO;0;Incidencia acumulada para o concello: <=25
23-02-2021;34123636001;ARBO; entre 1 e 9;Incidencia acumulada para o concello: >50 e <=150
23-02-2021;34123636002;BARRO; 11;Incidencia acumulada para o concello: >250 e <=500
23-02-2021;34123636003;BAIONA; 16;Incidencia acumulada para o concello: >50 e <=150
23-02-2021;34123636004;BUEU; 22;Incidencia acumulada para o concello: >150 e <=250
23-02-2021;34123636005;CALDAS DE REIS; 10;Incidencia acumulada para o concello: >50 e <=150
23-02-2021;34123636006;CAMBADOS; 41;Incidencia acumulada para o concello: >250 e <=500
23-02-2021;34123636007;CAMPO LAMEIRO; entre 1 e 9;Incidencia acumulada para o concello: >150 e <=250
23-02-2021;34123636008;CANGAS; 50;Incidencia acumulada para o concello: >150 e <=250
23-02-2021;34123636009;CAÑIZA (A); entre 1 e 9;Incidencia acumulada para o concello: >150 e <=250
23-02-2021;34123636010;CATOIRA; 16;Incidencia acumulada para o concello: >250 e <=500
23-02-2021;34123636013;COVELO (O);0;Incidencia acumulada para o concello: <=25
23-02-2021;34123636014;CRECENTE; entre 1 e 9;Incidencia acumulada para o concello: >50 e <=150
23-02-2021;34123636015;CUNTIS; 17;Incidencia acumulada para o concello: >250 e <=500
23-02-2021;34123636016;DOZON;0;Incidencia acumulada para o concello: <=25
23-02-2021;34123636017;ESTRADA A; 27;Incidencia acumulada para o concello: >50 e <=150
23-02-2021;34123636018;FORCAREI; entre 1 e 9;Incidencia acumulada para o concello: >50 e <=150
23-02-2021;34123636019;FORNELOS DE MONTES; entre 1 e 9;Incidencia acumulada para o concello: >50 e <=150
23-02-2021;34123636020;AGOLADA; entre 1 e 9;Incidencia acumulada para o concello: >150 e <=250
23-02-2021;34123636021;GONDOMAR; 20;Incidencia acumulada para o concello: >50 e <=150
23-02-2021;34123636022;GROVE O; entre 1 e 9;Incidencia acumulada para o concello: >50 e <=150
23-02-2021;34123636023;GUARDA (A); 16;Incidencia acumulada para o concello: >150 e <=250
23-02-2021;34123636024;LALIN; 20;Incidencia acumulada para o concello: >50 e <=150
23-02-2021;34123636025;LAMA A; 10;Incidencia acumulada para o concello: >250 e <=500
23-02-2021;34123636026;MARIN; 95;Incidencia acumulada para o concello: >250 e <=500
23-02-2021;34123636027;MEAÑO; 14;Incidencia acumulada para o concello: >250 e <=500
23-02-2021;34123636028;MEIS; 17;Incidencia acumulada para o concello: >250 e <=500
23-02-2021;34123636029;MOAÑA; 69;Incidencia acumulada para o concello: >250 e <=500
23-02-2021;34123636030;MONDARIZ; entre 1 e 9;Incidencia acumulada para o concello: >150 e <=250
23-02-2021;34123636031;MONDARIZ-BALNEARIO;0;Incidencia acumulada para o concello: <=25
23-02-2021;34123636032;MORAÑA; entre 1 e 9;Incidencia acumulada para o concello: >150 e <=250
23-02-2021;34123636033;MOS; 37;Incidencia acumulada para o concello: >150 e <=250
23-02-2021;34123636034;NEVES (AS); entre 1 e 9;Incidencia acumulada para o concello: >50 e <=150
23-02-2021;34123636035;NIGRAN; 15;Incidencia acumulada para o concello: >50 e <=150
23-02-2021;34123636036;OIA; entre 1 e 9;Incidencia acumulada para o concello: >250 e <=500
23-02-2021;34123636037;PAZOS DE BORBEN; entre 1 e 9;Incidencia acumulada para o concello: >250 e <=500
23-02-2021;34123636038;PONTEVEDRA; 152;Incidencia acumulada para o concello: >150 e <=250
23-02-2021;34123636039;PORRIÑO (O); 37;Incidencia acumulada para o concello: >150 e <=250
23-02-2021;34123636040;PORTAS; entre 1 e 9;Incidencia acumulada para o concello: >50 e <=150
23-02-2021;34123636041;POIO; 33;Incidencia acumulada para o concello: >150 e <=250
23-02-2021;34123636042;PONTEAREAS; 32;Incidencia acumulada para o concello: >50 e <=150
23-02-2021;34123636043;PONTE-CALDELAS; 20;Incidencia acumulada para o concello: >250 e <=500
23-02-2021;34123636044;PONTECESURES; entre 1 e 9;Incidencia acumulada para o concello: >50 e <=150
23-02-2021;34123636045;REDONDELA; 74;Incidencia acumulada para o concello: >250 e <=500
23-02-2021;34123636046;RIBADUMIA; entre 1 e 9;Incidencia acumulada para o concello: >150 e <=250
23-02-2021;34123636047;RODEIRO; entre 1 e 9;Incidencia acumulada para o concello: >25 e <=50
23-02-2021;34123636048;ROSAL (O); entre 1 e 9;Incidencia acumulada para o concello: >50 e <=150
23-02-2021;34123636049;SALCEDA DE CASELAS; 18;Incidencia acumulada para o concello: >150 e <=250
23-02-2021;34123636050;SALVATERRA DE MIÑO; entre 1 e 9;Incidencia acumulada para o concello: >25 e <=50
23-02-2021;34123636051;SANXENXO; 38;Incidencia acumulada para o concello: >150 e <=250
23-02-2021;34123636052;SILLEDA; 16;Incidencia acumulada para o concello: >150 e <=250
23-02-2021;34123636053;SOUTOMAIOR; 29;Incidencia acumulada para o concello: >250 e <=500
23-02-2021;34123636054;TOMIÑO; 27;Incidencia acumulada para o concello: >150 e <=250
23-02-2021;34123636055;TUI; 29;Incidencia acumulada para o concello: >150 e <=250
23-02-2021;34123636056;VALGA; entre 1 e 9;Incidencia acumulada para o concello: >50 e <=150
23-02-2021;34123636057;VIGO; 432;Incidencia acumulada para o concello: >50 e <=150
23-02-2021;34123636058;VILABOA; 26;Incidencia acumulada para o concello: >250 e <=500
23-02-2021;34123636059;VILA DE CRUCES; entre 1 e 9;Incidencia acumulada para o concello: >50 e <=150
23-02-2021;34123636060;VILAGARCIA DE AROUSA; 81;Incidencia acumulada para o concello: >150 e <=250
23-02-2021;34123636061;VILANOVA DE AROUSA; 38;Incidencia acumulada para o concello: >250 e <=500
23-02-2021;34123636901;ILLA DE AROUSA; entre 1 e 9;Incidencia acumulada para o concello: >150 e <=250
23-02-2021;34123636902;CERDEDO-COTOBADE; 18;Incidencia acumulada para o concello: >250 e <=500
